product_id,product_name,location_id,year_month,inventory_quantity,inventory_status,snapshot_date
SWN-RP6,STEP WGN,STM,2025-01,4,available,2025-01-31
CRV-RT5,CR-V,SZK,2025-01,6,available,2025-01-31
FRD-GB5,FREED,KMM,2025-01,4,available,2025-01-31
VZL-RV3,VEZEL,HTB,2025-01,3,available,2025-01-31
HDE-ZC1,Honda e,SZK,2025-01,2,available,2025-01-31
HDE-ZC1,Honda e,HMM,2025-01,4,available,2025-01-31
ODY-RC1,ODYSSEY,SZK,2025-01,10,available,2025-01-31
ACD-CV1,ACCORD,SZK,2025-01,5,available,2025-01-31
ZRV-RZ3,ZR-V,HTB,2025-01,7,available,2025-01-31
PSP-YF7,PASSPORT,SZK,2025-01,7,available,2025-01-31
PRO-ZC5,Prologue,HTB,2025-01,0,available,2025-01-31
VZL-RV3,VEZEL,KMM,2025-01,11,available,2025-01-31
RDG-YF6,RIDGELINE,STM,2025-01,1,available,2025-01-31
SWN-RP6,STEP WGN,SZK,2025-01,12,available,2025-01-31
CRV-RT5,CR-V,HTB,2025-01,0,available,2025-01-31
SWN-RP6,STEP WGN,HMM,2025-01,9,available,2025-01-31
ZRV-RZ3,ZR-V,KMM,2025-01,6,available,2025-01-31
FIT-GR3,FIT,STM,2025-01,10,available,2025-01-31
ODY-RC1,ODYSSEY,HTB,2025-01,10,available,2025-01-31
HDE-ZC1,Honda e,HTB,2025-01,9,available,2025-01-31
NOE-JG4,N-ONE e:,STM,2025-01,4,available,2025-01-31
ENP-ENP1,e:NP1,STM,2025-01,13,available,2025-01-31
ACD-CV1,ACCORD,HTB,2025-01,35,available,2025-01-31
PSP-YF7,PASSPORT,HTB,2025-01,7,available,2025-01-31
PLT-YF3,PILOT,STM,2025-01,13,available,2025-01-31
RDG-YF6,RIDGELINE,SZK,2025-01,2,available,2025-01-31
FRD-GB5,FREED,STM,2025-01,14,available,2025-01-31
HDE-ZC1,Honda e,KMM,2025-01,2,available,2025-01-31
SWN-RP6,STEP WGN,HTB,2025-01,8,available,2025-01-31
FIT-GR3,FIT,HMM,2025-01,1,available,2025-01-31
FIT-GR3,FIT,SZK,2025-01,9,available,2025-01-31
NOE-JG4,N-ONE e:,SZK,2025-01,8,available,2025-01-31
NOE-JG4,N-ONE e:,HMM,2025-01,5,available,2025-01-31
VZL-RV3,VEZEL,STM,2025-01,2,available,2025-01-31
ENP-ENP1,e:NP1,SZK,2025-01,18,available,2025-01-31
SWN-RP6,STEP WGN,KMM,2025-01,4,available,2025-01-31
FRD-GB5,FREED,HMM,2025-01,8,available,2025-01-31
PLT-YF3,PILOT,SZK,2025-01,10,available,2025-01-31
FRD-GB5,FREED,SZK,2025-01,4,available,2025-01-31
ZRV-RZ3,ZR-V,STM,2025-01,7,available,2025-01-31
RDG-YF6,RIDGELINE,HTB,2025-01,4,available,2025-01-31
PRO-ZC5,Prologue,STM,2025-01,10,available,2025-01-31
FIT-GR3,FIT,HTB,2025-01,1,available,2025-01-31
CRV-RT5,CR-V,STM,2025-01,5,available,2025-01-31
VZL-RV3,VEZEL,SZK,2025-01,3,available,2025-01-31
VZL-RV3,VEZEL,HMM,2025-01,7,available,2025-01-31
NOE-JG4,N-ONE e:,HTB,2025-01,8,available,2025-01-31
ENP-ENP1,e:NP1,HTB,2025-01,0,available,2025-01-31
HDE-ZC1,Honda e,STM,2025-01,6,available,2025-01-31
ODY-RC1,ODYSSEY,STM,2025-01,5,available,2025-01-31
PLT-YF3,PILOT,HTB,2025-01,3,available,2025-01-31
FIT-GR3,FIT,KMM,2025-01,9,available,2025-01-31
PRO-ZC5,Prologue,SZK,2025-01,3,available,2025-01-31
FRD-GB5,FREED,HTB,2025-01,0,available,2025-01-31
ZRV-RZ3,ZR-V,HMM,2025-01,1,available,2025-01-31
ACD-CV1,ACCORD,STM,2025-01,0,available,2025-01-31
ZRV-RZ3,ZR-V,SZK,2025-01,10,available,2025-01-31
NOE-JG4,N-ONE e:,KMM,2025-01,1,available,2025-01-31
PSP-YF7,PASSPORT,STM,2025-01,13,available,2025-01-31
SWN-RP6,STEP WGN,STM,2025-02,3,available,2025-02-28
CRV-RT5,CR-V,SZK,2025-02,5,available,2025-02-28
FRD-GB5,FREED,KMM,2025-02,7,available,2025-02-28
VZL-RV3,VEZEL,HTB,2025-02,5,available,2025-02-28
HDE-ZC1,Honda e,SZK,2025-02,1,available,2025-02-28
HDE-ZC1,Honda e,HMM,2025-02,3,available,2025-02-28
ODY-RC1,ODYSSEY,SZK,2025-02,8,available,2025-02-28
ACD-CV1,ACCORD,SZK,2025-02,23,available,2025-02-28
ZRV-RZ3,ZR-V,HTB,2025-02,5,available,2025-02-28
PSP-YF7,PASSPORT,SZK,2025-02,7,available,2025-02-28
PRO-ZC5,Prologue,HTB,2025-02,5,available,2025-02-28
VZL-RV3,VEZEL,KMM,2025-02,10,available,2025-02-28
RDG-YF6,RIDGELINE,STM,2025-02,1,available,2025-02-28
SWN-RP6,STEP WGN,SZK,2025-02,11,available,2025-02-28
CRV-RT5,CR-V,HTB,2025-02,0,available,2025-02-28
SWN-RP6,STEP WGN,HMM,2025-02,8,available,2025-02-28
ZRV-RZ3,ZR-V,KMM,2025-02,4,available,2025-02-28
FIT-GR3,FIT,STM,2025-02,9,available,2025-02-28
ODY-RC1,ODYSSEY,HTB,2025-02,5,available,2025-02-28
HDE-ZC1,Honda e,HTB,2025-02,8,available,2025-02-28
NOE-JG4,N-ONE e:,STM,2025-02,2,available,2025-02-28
ENP-ENP1,e:NP1,STM,2025-02,10,available,2025-02-28
ACD-CV1,ACCORD,HTB,2025-02,33,available,2025-02-28
PSP-YF7,PASSPORT,HTB,2025-02,5,available,2025-02-28
PLT-YF3,PILOT,STM,2025-02,12,available,2025-02-28
RDG-YF6,RIDGELINE,SZK,2025-02,2,available,2025-02-28
FRD-GB5,FREED,STM,2025-02,8,available,2025-02-28
HDE-ZC1,Honda e,KMM,2025-02,1,available,2025-02-28
SWN-RP6,STEP WGN,HTB,2025-02,10,available,2025-02-28
FIT-GR3,FIT,HMM,2025-02,2,available,2025-02-28
FIT-GR3,FIT,SZK,2025-02,8,available,2025-02-28
NOE-JG4,N-ONE e:,SZK,2025-02,6,available,2025-02-28
NOE-JG4,N-ONE e:,HMM,2025-02,4,available,2025-02-28
VZL-RV3,VEZEL,STM,2025-02,2,available,2025-02-28
ENP-ENP1,e:NP1,SZK,2025-02,25,available,2025-02-28
SWN-RP6,STEP WGN,KMM,2025-02,2,available,2025-02-28
FRD-GB5,FREED,HMM,2025-02,10,available,2025-02-28
PLT-YF3,PILOT,SZK,2025-02,8,available,2025-02-28
FRD-GB5,FREED,SZK,2025-02,5,available,2025-02-28
ZRV-RZ3,ZR-V,STM,2025-02,5,available,2025-02-28
RDG-YF6,RIDGELINE,HTB,2025-02,19,available,2025-02-28
PRO-ZC5,Prologue,STM,2025-02,13,available,2025-02-28
FIT-GR3,FIT,HTB,2025-02,1,available,2025-02-28
CRV-RT5,CR-V,STM,2025-02,5,available,2025-02-28
VZL-RV3,VEZEL,SZK,2025-02,3,available,2025-02-28
VZL-RV3,VEZEL,HMM,2025-02,6,available,2025-02-28
NOE-JG4,N-ONE e:,HTB,2025-02,6,available,2025-02-28
ENP-ENP1,e:NP1,HTB,2025-02,21,available,2025-02-28
HDE-ZC1,Honda e,STM,2025-02,6,available,2025-02-28
ODY-RC1,ODYSSEY,STM,2025-02,4,available,2025-02-28
PLT-YF3,PILOT,HTB,2025-02,2,available,2025-02-28
FIT-GR3,FIT,KMM,2025-02,6,available,2025-02-28
PRO-ZC5,Prologue,SZK,2025-02,2,available,2025-02-28
FRD-GB5,FREED,HTB,2025-02,4,available,2025-02-28
ZRV-RZ3,ZR-V,HMM,2025-02,1,available,2025-02-28
ACD-CV1,ACCORD,STM,2025-02,0,available,2025-02-28
ZRV-RZ3,ZR-V,SZK,2025-02,9,available,2025-02-28
NOE-JG4,N-ONE e:,KMM,2025-02,2,available,2025-02-28
PSP-YF7,PASSPORT,STM,2025-02,11,available,2025-02-28
SWN-RP6,STEP WGN,STM,2025-03,13,available,2025-03-31
CRV-RT5,CR-V,SZK,2025-03,5,available,2025-03-31
FRD-GB5,FREED,KMM,2025-03,6,available,2025-03-31
VZL-RV3,VEZEL,HTB,2025-03,3,available,2025-03-31
HDE-ZC1,Honda e,SZK,2025-03,4,available,2025-03-31
HDE-ZC1,Honda e,HMM,2025-03,5,available,2025-03-31
ODY-RC1,ODYSSEY,SZK,2025-03,8,available,2025-03-31
ACD-CV1,ACCORD,SZK,2025-03,22,available,2025-03-31
ZRV-RZ3,ZR-V,HTB,2025-03,5,available,2025-03-31
PSP-YF7,PASSPORT,SZK,2025-03,6,available,2025-03-31
PRO-ZC5,Prologue,HTB,2025-03,4,available,2025-03-31
VZL-RV3,VEZEL,KMM,2025-03,9,available,2025-03-31
RDG-YF6,RIDGELINE,STM,2025-03,12,available,2025-03-31
SWN-RP6,STEP WGN,SZK,2025-03,9,available,2025-03-31
CRV-RT5,CR-V,HTB,2025-03,5,available,2025-03-31
SWN-RP6,STEP WGN,HMM,2025-03,4,available,2025-03-31
ZRV-RZ3,ZR-V,KMM,2025-03,3,available,2025-03-31
FIT-GR3,FIT,STM,2025-03,8,available,2025-03-31
ODY-RC1,ODYSSEY,HTB,2025-03,6,available,2025-03-31
HDE-ZC1,Honda e,HTB,2025-03,6,available,2025-03-31
NOE-JG4,N-ONE e:,STM,2025-03,0,available,2025-03-31
ENP-ENP1,e:NP1,STM,2025-03,5,available,2025-03-31
ACD-CV1,ACCORD,HTB,2025-03,33,available,2025-03-31
PSP-YF7,PASSPORT,HTB,2025-03,5,available,2025-03-31
PLT-YF3,PILOT,STM,2025-03,10,available,2025-03-31
RDG-YF6,RIDGELINE,SZK,2025-03,2,available,2025-03-31
FRD-GB5,FREED,STM,2025-03,6,available,2025-03-31
HDE-ZC1,Honda e,KMM,2025-03,5,available,2025-03-31
SWN-RP6,STEP WGN,HTB,2025-03,9,available,2025-03-31
FIT-GR3,FIT,HMM,2025-03,3,available,2025-03-31
FIT-GR3,FIT,SZK,2025-03,7,available,2025-03-31
NOE-JG4,N-ONE e:,SZK,2025-03,6,available,2025-03-31
NOE-JG4,N-ONE e:,HMM,2025-03,3,available,2025-03-31
VZL-RV3,VEZEL,STM,2025-03,1,available,2025-03-31
ENP-ENP1,e:NP1,SZK,2025-03,44,available,2025-03-31
SWN-RP6,STEP WGN,KMM,2025-03,7,available,2025-03-31
FRD-GB5,FREED,HMM,2025-03,10,available,2025-03-31
PLT-YF3,PILOT,SZK,2025-03,7,available,2025-03-31
FRD-GB5,FREED,SZK,2025-03,3,available,2025-03-31
ZRV-RZ3,ZR-V,STM,2025-03,4,available,2025-03-31
RDG-YF6,RIDGELINE,HTB,2025-03,18,available,2025-03-31
PRO-ZC5,Prologue,STM,2025-03,13,available,2025-03-31
FIT-GR3,FIT,HTB,2025-03,5,available,2025-03-31
CRV-RT5,CR-V,STM,2025-03,4,available,2025-03-31
VZL-RV3,VEZEL,SZK,2025-03,2,available,2025-03-31
VZL-RV3,VEZEL,HMM,2025-03,7,available,2025-03-31
NOE-JG4,N-ONE e:,HTB,2025-03,5,available,2025-03-31
ENP-ENP1,e:NP1,HTB,2025-03,21,available,2025-03-31
HDE-ZC1,Honda e,STM,2025-03,5,available,2025-03-31
ODY-RC1,ODYSSEY,STM,2025-03,8,available,2025-03-31
PLT-YF3,PILOT,HTB,2025-03,2,available,2025-03-31
FIT-GR3,FIT,KMM,2025-03,6,available,2025-03-31
PRO-ZC5,Prologue,SZK,2025-03,1,available,2025-03-31
FRD-GB5,FREED,HTB,2025-03,6,available,2025-03-31
ZRV-RZ3,ZR-V,HMM,2025-03,4,available,2025-03-31
ACD-CV1,ACCORD,STM,2025-03,0,available,2025-03-31
ZRV-RZ3,ZR-V,SZK,2025-03,12,available,2025-03-31
NOE-JG4,N-ONE e:,KMM,2025-03,2,available,2025-03-31
PSP-YF7,PASSPORT,STM,2025-03,9,available,2025-03-31
SWN-RP6,STEP WGN,STM,2025-04,10,available,2025-04-30
CRV-RT5,CR-V,SZK,2025-04,3,available,2025-04-30
FRD-GB5,FREED,KMM,2025-04,4,available,2025-04-30
VZL-RV3,VEZEL,HTB,2025-04,2,available,2025-04-30
HDE-ZC1,Honda e,SZK,2025-04,2,available,2025-04-30
HDE-ZC1,Honda e,HMM,2025-04,9,available,2025-04-30
ODY-RC1,ODYSSEY,SZK,2025-04,6,available,2025-04-30
ACD-CV1,ACCORD,SZK,2025-04,21,available,2025-04-30
ZRV-RZ3,ZR-V,HTB,2025-04,9,available,2025-04-30
PSP-YF7,PASSPORT,SZK,2025-04,6,available,2025-04-30
PRO-ZC5,Prologue,HTB,2025-04,13,available,2025-04-30
VZL-RV3,VEZEL,KMM,2025-04,6,available,2025-04-30
RDG-YF6,RIDGELINE,STM,2025-04,45,available,2025-04-30
SWN-RP6,STEP WGN,SZK,2025-04,8,available,2025-04-30
CRV-RT5,CR-V,HTB,2025-04,4,available,2025-04-30
SWN-RP6,STEP WGN,HMM,2025-04,2,available,2025-04-30
ZRV-RZ3,ZR-V,KMM,2025-04,5,available,2025-04-30
FIT-GR3,FIT,STM,2025-04,6,available,2025-04-30
ODY-RC1,ODYSSEY,HTB,2025-04,4,available,2025-04-30
HDE-ZC1,Honda e,HTB,2025-04,5,available,2025-04-30
NOE-JG4,N-ONE e:,STM,2025-04,2,available,2025-04-30
ENP-ENP1,e:NP1,STM,2025-04,3,available,2025-04-30
ACD-CV1,ACCORD,HTB,2025-04,33,available,2025-04-30
PSP-YF7,PASSPORT,HTB,2025-04,5,available,2025-04-30
PLT-YF3,PILOT,STM,2025-04,10,available,2025-04-30
RDG-YF6,RIDGELINE,SZK,2025-04,16,available,2025-04-30
FRD-GB5,FREED,STM,2025-04,4,available,2025-04-30
HDE-ZC1,Honda e,KMM,2025-04,4,available,2025-04-30
SWN-RP6,STEP WGN,HTB,2025-04,7,available,2025-04-30
FIT-GR3,FIT,HMM,2025-04,2,available,2025-04-30
FIT-GR3,FIT,SZK,2025-04,5,available,2025-04-30
NOE-JG4,N-ONE e:,SZK,2025-04,7,available,2025-04-30
NOE-JG4,N-ONE e:,HMM,2025-04,3,available,2025-04-30
VZL-RV3,VEZEL,STM,2025-04,5,available,2025-04-30
ENP-ENP1,e:NP1,SZK,2025-04,42,available,2025-04-30
SWN-RP6,STEP WGN,KMM,2025-04,6,available,2025-04-30
FRD-GB5,FREED,HMM,2025-04,7,available,2025-04-30
PLT-YF3,PILOT,SZK,2025-04,6,available,2025-04-30
FRD-GB5,FREED,SZK,2025-04,2,available,2025-04-30
ZRV-RZ3,ZR-V,STM,2025-04,2,available,2025-04-30
RDG-YF6,RIDGELINE,HTB,2025-04,18,available,2025-04-30
PRO-ZC5,Prologue,STM,2025-04,11,available,2025-04-30
FIT-GR3,FIT,HTB,2025-04,5,available,2025-04-30
CRV-RT5,CR-V,STM,2025-04,2,available,2025-04-30
VZL-RV3,VEZEL,SZK,2025-04,1,available,2025-04-30
VZL-RV3,VEZEL,HMM,2025-04,6,available,2025-04-30
NOE-JG4,N-ONE e:,HTB,2025-04,5,available,2025-04-30
ENP-ENP1,e:NP1,HTB,2025-04,21,available,2025-04-30
HDE-ZC1,Honda e,STM,2025-04,3,available,2025-04-30
ODY-RC1,ODYSSEY,STM,2025-04,7,available,2025-04-30
PLT-YF3,PILOT,HTB,2025-04,2,available,2025-04-30
FIT-GR3,FIT,KMM,2025-04,6,available,2025-04-30
PRO-ZC5,Prologue,SZK,2025-04,24,available,2025-04-30
FRD-GB5,FREED,HTB,2025-04,7,available,2025-04-30
ZRV-RZ3,ZR-V,HMM,2025-04,2,available,2025-04-30
ACD-CV1,ACCORD,STM,2025-04,0,available,2025-04-30
ZRV-RZ3,ZR-V,SZK,2025-04,9,available,2025-04-30
NOE-JG4,N-ONE e:,KMM,2025-04,2,available,2025-04-30
PSP-YF7,PASSPORT,STM,2025-04,8,available,2025-04-30
SWN-RP6,STEP WGN,STM,2025-05,6,available,2025-05-31
CRV-RT5,CR-V,SZK,2025-05,2,available,2025-05-31
FRD-GB5,FREED,KMM,2025-05,3,available,2025-05-31
VZL-RV3,VEZEL,HTB,2025-05,1,available,2025-05-31
HDE-ZC1,Honda e,SZK,2025-05,2,available,2025-05-31
HDE-ZC1,Honda e,HMM,2025-05,9,available,2025-05-31
ODY-RC1,ODYSSEY,SZK,2025-05,5,available,2025-05-31
ACD-CV1,ACCORD,SZK,2025-05,19,available,2025-05-31
ZRV-RZ3,ZR-V,HTB,2025-05,8,available,2025-05-31
PSP-YF7,PASSPORT,SZK,2025-05,4,available,2025-05-31
PRO-ZC5,Prologue,HTB,2025-05,11,available,2025-05-31
VZL-RV3,VEZEL,KMM,2025-05,7,available,2025-05-31
RDG-YF6,RIDGELINE,STM,2025-05,45,available,2025-05-31
SWN-RP6,STEP WGN,SZK,2025-05,5,available,2025-05-31
CRV-RT5,CR-V,HTB,2025-05,3,available,2025-05-31
SWN-RP6,STEP WGN,HMM,2025-05,1,available,2025-05-31
ZRV-RZ3,ZR-V,KMM,2025-05,3,available,2025-05-31
FIT-GR3,FIT,STM,2025-05,4,available,2025-05-31
ODY-RC1,ODYSSEY,HTB,2025-05,2,available,2025-05-31
HDE-ZC1,Honda e,HTB,2025-05,5,available,2025-05-31
NOE-JG4,N-ONE e:,STM,2025-05,6,available,2025-05-31
ENP-ENP1,e:NP1,STM,2025-05,1,available,2025-05-31
ACD-CV1,ACCORD,HTB,2025-05,33,available,2025-05-31
PSP-YF7,PASSPORT,HTB,2025-05,4,available,2025-05-31
PLT-YF3,PILOT,STM,2025-05,9,available,2025-05-31
RDG-YF6,RIDGELINE,SZK,2025-05,14,available,2025-05-31
FRD-GB5,FREED,STM,2025-05,2,available,2025-05-31
HDE-ZC1,Honda e,KMM,2025-05,2,available,2025-05-31
SWN-RP6,STEP WGN,HTB,2025-05,5,available,2025-05-31
FIT-GR3,FIT,HMM,2025-05,1,available,2025-05-31
FIT-GR3,FIT,SZK,2025-05,3,available,2025-05-31
NOE-JG4,N-ONE e:,SZK,2025-05,6,available,2025-05-31
NOE-JG4,N-ONE e:,HMM,2025-05,2,available,2025-05-31
VZL-RV3,VEZEL,STM,2025-05,3,available,2025-05-31
ENP-ENP1,e:NP1,SZK,2025-05,42,available,2025-05-31
SWN-RP6,STEP WGN,KMM,2025-05,4,available,2025-05-31
FRD-GB5,FREED,HMM,2025-05,6,available,2025-05-31
PLT-YF3,PILOT,SZK,2025-05,6,available,2025-05-31
FRD-GB5,FREED,SZK,2025-05,2,available,2025-05-31
ZRV-RZ3,ZR-V,STM,2025-05,4,available,2025-05-31
RDG-YF6,RIDGELINE,HTB,2025-05,18,available,2025-05-31
PRO-ZC5,Prologue,STM,2025-05,10,available,2025-05-31
FIT-GR3,FIT,HTB,2025-05,3,available,2025-05-31
CRV-RT5,CR-V,STM,2025-05,2,available,2025-05-31
VZL-RV3,VEZEL,SZK,2025-05,4,available,2025-05-31
VZL-RV3,VEZEL,HMM,2025-05,4,available,2025-05-31
NOE-JG4,N-ONE e:,HTB,2025-05,5,available,2025-05-31
ENP-ENP1,e:NP1,HTB,2025-05,19,available,2025-05-31
HDE-ZC1,Honda e,STM,2025-05,13,available,2025-05-31
ODY-RC1,ODYSSEY,STM,2025-05,7,available,2025-05-31
PLT-YF3,PILOT,HTB,2025-05,0,available,2025-05-31
FIT-GR3,FIT,KMM,2025-05,3,available,2025-05-31
PRO-ZC5,Prologue,SZK,2025-05,23,available,2025-05-31
FRD-GB5,FREED,HTB,2025-05,5,available,2025-05-31
ZRV-RZ3,ZR-V,HMM,2025-05,1,available,2025-05-31
ACD-CV1,ACCORD,STM,2025-05,0,available,2025-05-31
ZRV-RZ3,ZR-V,SZK,2025-05,10,available,2025-05-31
NOE-JG4,N-ONE e:,KMM,2025-05,0,available,2025-05-31
PSP-YF7,PASSPORT,STM,2025-05,7,available,2025-05-31
SWN-RP6,STEP WGN,STM,2025-06,6,available,2025-06-30
CRV-RT5,CR-V,SZK,2025-06,0,available,2025-06-30
FRD-GB5,FREED,KMM,2025-06,2,available,2025-06-30
VZL-RV3,VEZEL,HTB,2025-06,1,available,2025-06-30
HDE-ZC1,Honda e,SZK,2025-06,0,available,2025-06-30
HDE-ZC1,Honda e,HMM,2025-06,6,available,2025-06-30
ODY-RC1,ODYSSEY,SZK,2025-06,3,available,2025-06-30
ACD-CV1,ACCORD,SZK,2025-06,19,available,2025-06-30
ZRV-RZ3,ZR-V,HTB,2025-06,7,available,2025-06-30
PSP-YF7,PASSPORT,SZK,2025-06,11,available,2025-06-30
PRO-ZC5,Prologue,HTB,2025-06,12,available,2025-06-30
VZL-RV3,VEZEL,KMM,2025-06,10,available,2025-06-30
RDG-YF6,RIDGELINE,STM,2025-06,29,available,2025-06-30
SWN-RP6,STEP WGN,SZK,2025-06,4,available,2025-06-30
CRV-RT5,CR-V,HTB,2025-06,1,available,2025-06-30
SWN-RP6,STEP WGN,HMM,2025-06,11,available,2025-06-30
ZRV-RZ3,ZR-V,KMM,2025-06,2,available,2025-06-30
FIT-GR3,FIT,STM,2025-06,6,available,2025-06-30
ODY-RC1,ODYSSEY,HTB,2025-06,1,available,2025-06-30
HDE-ZC1,Honda e,HTB,2025-06,3,available,2025-06-30
NOE-JG4,N-ONE e:,STM,2025-06,5,available,2025-06-30
ENP-ENP1,e:NP1,STM,2025-06,1,available,2025-06-30
ACD-CV1,ACCORD,HTB,2025-06,32,available,2025-06-30
PSP-YF7,PASSPORT,HTB,2025-06,5,available,2025-06-30
PLT-YF3,PILOT,STM,2025-06,9,available,2025-06-30
RDG-YF6,RIDGELINE,SZK,2025-06,13,available,2025-06-30
FRD-GB5,FREED,STM,2025-06,1,available,2025-06-30
HDE-ZC1,Honda e,KMM,2025-06,2,available,2025-06-30
SWN-RP6,STEP WGN,HTB,2025-06,4,available,2025-06-30
FIT-GR3,FIT,HMM,2025-06,0,available,2025-06-30
FIT-GR3,FIT,SZK,2025-06,12,available,2025-06-30
NOE-JG4,N-ONE e:,SZK,2025-06,6,available,2025-06-30
NOE-JG4,N-ONE e:,HMM,2025-06,0,available,2025-06-30
VZL-RV3,VEZEL,STM,2025-06,3,available,2025-06-30
ENP-ENP1,e:NP1,SZK,2025-06,41,available,2025-06-30
SWN-RP6,STEP WGN,KMM,2025-06,2,available,2025-06-30
FRD-GB5,FREED,HMM,2025-06,4,available,2025-06-30
PLT-YF3,PILOT,SZK,2025-06,4,available,2025-06-30
FRD-GB5,FREED,SZK,2025-06,1,available,2025-06-30
ZRV-RZ3,ZR-V,STM,2025-06,10,available,2025-06-30
RDG-YF6,RIDGELINE,HTB,2025-06,18,available,2025-06-30
PRO-ZC5,Prologue,STM,2025-06,10,available,2025-06-30
FIT-GR3,FIT,HTB,2025-06,8,available,2025-06-30
CRV-RT5,CR-V,STM,2025-06,2,available,2025-06-30
VZL-RV3,VEZEL,SZK,2025-06,4,available,2025-06-30
VZL-RV3,VEZEL,HMM,2025-06,2,available,2025-06-30
NOE-JG4,N-ONE e:,HTB,2025-06,9,available,2025-06-30
ENP-ENP1,e:NP1,HTB,2025-06,18,available,2025-06-30
HDE-ZC1,Honda e,STM,2025-06,8,available,2025-06-30
ODY-RC1,ODYSSEY,STM,2025-06,6,available,2025-06-30
PLT-YF3,PILOT,HTB,2025-06,5,available,2025-06-30
FIT-GR3,FIT,KMM,2025-06,3,available,2025-06-30
PRO-ZC5,Prologue,SZK,2025-06,18,available,2025-06-30
FRD-GB5,FREED,HTB,2025-06,4,available,2025-06-30
ZRV-RZ3,ZR-V,HMM,2025-06,1,available,2025-06-30
ACD-CV1,ACCORD,STM,2025-06,0,available,2025-06-30
ZRV-RZ3,ZR-V,SZK,2025-06,8,available,2025-06-30
NOE-JG4,N-ONE e:,KMM,2025-06,0,available,2025-06-30
PSP-YF7,PASSPORT,STM,2025-06,7,available,2025-06-30
SWN-RP6,STEP WGN,STM,2025-07,5,available,2025-07-31
CRV-RT5,CR-V,SZK,2025-07,0,available,2025-07-31
FRD-GB5,FREED,KMM,2025-07,2,available,2025-07-31
VZL-RV3,VEZEL,HTB,2025-07,9,available,2025-07-31
HDE-ZC1,Honda e,SZK,2025-07,0,available,2025-07-31
HDE-ZC1,Honda e,HMM,2025-07,7,available,2025-07-31
ODY-RC1,ODYSSEY,SZK,2025-07,1,available,2025-07-31
ACD-CV1,ACCORD,SZK,2025-07,45,available,2025-07-31
ZRV-RZ3,ZR-V,HTB,2025-07,4,available,2025-07-31
PSP-YF7,PASSPORT,SZK,2025-07,11,available,2025-07-31
PRO-ZC5,Prologue,HTB,2025-07,7,available,2025-07-31
VZL-RV3,VEZEL,KMM,2025-07,8,available,2025-07-31
RDG-YF6,RIDGELINE,STM,2025-07,27,available,2025-07-31
SWN-RP6,STEP WGN,SZK,2025-07,4,available,2025-07-31
CRV-RT5,CR-V,HTB,2025-07,0,available,2025-07-31
SWN-RP6,STEP WGN,HMM,2025-07,8,available,2025-07-31
ZRV-RZ3,ZR-V,KMM,2025-07,3,available,2025-07-31
FIT-GR3,FIT,STM,2025-07,5,available,2025-07-31
ODY-RC1,ODYSSEY,HTB,2025-07,1,available,2025-07-31
HDE-ZC1,Honda e,HTB,2025-07,1,available,2025-07-31
NOE-JG4,N-ONE e:,STM,2025-07,5,available,2025-07-31
ENP-ENP1,e:NP1,STM,2025-07,0,available,2025-07-31
ACD-CV1,ACCORD,HTB,2025-07,32,available,2025-07-31
PSP-YF7,PASSPORT,HTB,2025-07,3,available,2025-07-31
PLT-YF3,PILOT,STM,2025-07,7,available,2025-07-31
RDG-YF6,RIDGELINE,SZK,2025-07,13,available,2025-07-31
FRD-GB5,FREED,STM,2025-07,1,available,2025-07-31
HDE-ZC1,Honda e,KMM,2025-07,6,available,2025-07-31
SWN-RP6,STEP WGN,HTB,2025-07,6,available,2025-07-31
FIT-GR3,FIT,HMM,2025-07,6,available,2025-07-31
FIT-GR3,FIT,SZK,2025-07,11,available,2025-07-31
NOE-JG4,N-ONE e:,SZK,2025-07,5,available,2025-07-31
NOE-JG4,N-ONE e:,HMM,2025-07,1,available,2025-07-31
VZL-RV3,VEZEL,STM,2025-07,2,available,2025-07-31
ENP-ENP1,e:NP1,SZK,2025-07,40,available,2025-07-31
SWN-RP6,STEP WGN,KMM,2025-07,1,available,2025-07-31
FRD-GB5,FREED,HMM,2025-07,3,available,2025-07-31
PLT-YF3,PILOT,SZK,2025-07,2,available,2025-07-31
FRD-GB5,FREED,SZK,2025-07,0,available,2025-07-31
ZRV-RZ3,ZR-V,STM,2025-07,8,available,2025-07-31
RDG-YF6,RIDGELINE,HTB,2025-07,13,available,2025-07-31
PRO-ZC5,Prologue,STM,2025-07,38,available,2025-07-31
FIT-GR3,FIT,HTB,2025-07,6,available,2025-07-31
CRV-RT5,CR-V,STM,2025-07,0,available,2025-07-31
VZL-RV3,VEZEL,SZK,2025-07,11,available,2025-07-31
VZL-RV3,VEZEL,HMM,2025-07,0,available,2025-07-31
NOE-JG4,N-ONE e:,HTB,2025-07,9,available,2025-07-31
ENP-ENP1,e:NP1,HTB,2025-07,13,available,2025-07-31
HDE-ZC1,Honda e,STM,2025-07,7,available,2025-07-31
ODY-RC1,ODYSSEY,STM,2025-07,6,available,2025-07-31
PLT-YF3,PILOT,HTB,2025-07,29,available,2025-07-31
FIT-GR3,FIT,KMM,2025-07,6,available,2025-07-31
PRO-ZC5,Prologue,SZK,2025-07,18,available,2025-07-31
FRD-GB5,FREED,HTB,2025-07,4,available,2025-07-31
ZRV-RZ3,ZR-V,HMM,2025-07,3,available,2025-07-31
ACD-CV1,ACCORD,STM,2025-07,0,available,2025-07-31
ZRV-RZ3,ZR-V,SZK,2025-07,4,available,2025-07-31
NOE-JG4,N-ONE e:,KMM,2025-07,5,available,2025-07-31
PSP-YF7,PASSPORT,STM,2025-07,5,available,2025-07-31
SWN-RP6,STEP WGN,STM,2025-08,3,available,2025-08-31
CRV-RT5,CR-V,SZK,2025-08,0,available,2025-08-31
FRD-GB5,FREED,KMM,2025-08,1,available,2025-08-31
VZL-RV3,VEZEL,HTB,2025-08,9,available,2025-08-31
HDE-ZC1,Honda e,SZK,2025-08,1,available,2025-08-31
HDE-ZC1,Honda e,HMM,2025-08,6,available,2025-08-31
ODY-RC1,ODYSSEY,SZK,2025-08,0,available,2025-08-31
ACD-CV1,ACCORD,SZK,2025-08,43,available,2025-08-31
ZRV-RZ3,ZR-V,HTB,2025-08,3,available,2025-08-31
PSP-YF7,PASSPORT,SZK,2025-08,9,available,2025-08-31
PRO-ZC5,Prologue,HTB,2025-08,6,available,2025-08-31
VZL-RV3,VEZEL,KMM,2025-08,5,available,2025-08-31
RDG-YF6,RIDGELINE,STM,2025-08,17,available,2025-08-31
SWN-RP6,STEP WGN,SZK,2025-08,3,available,2025-08-31
CRV-RT5,CR-V,HTB,2025-08,0,available,2025-08-31
SWN-RP6,STEP WGN,HMM,2025-08,6,available,2025-08-31
ZRV-RZ3,ZR-V,KMM,2025-08,3,available,2025-08-31
FIT-GR3,FIT,STM,2025-08,3,available,2025-08-31
ODY-RC1,ODYSSEY,HTB,2025-08,1,available,2025-08-31
HDE-ZC1,Honda e,HTB,2025-08,9,available,2025-08-31
NOE-JG4,N-ONE e:,STM,2025-08,3,available,2025-08-31
ENP-ENP1,e:NP1,STM,2025-08,5,available,2025-08-31
ACD-CV1,ACCORD,HTB,2025-08,32,available,2025-08-31
PSP-YF7,PASSPORT,HTB,2025-08,1,available,2025-08-31
PLT-YF3,PILOT,STM,2025-08,7,available,2025-08-31
RDG-YF6,RIDGELINE,SZK,2025-08,12,available,2025-08-31
FRD-GB5,FREED,STM,2025-08,3,available,2025-08-31
HDE-ZC1,Honda e,KMM,2025-08,10,available,2025-08-31
SWN-RP6,STEP WGN,HTB,2025-08,6,available,2025-08-31
FIT-GR3,FIT,HMM,2025-08,4,available,2025-08-31
FIT-GR3,FIT,SZK,2025-08,11,available,2025-08-31
NOE-JG4,N-ONE e:,SZK,2025-08,4,available,2025-08-31
NOE-JG4,N-ONE e:,HMM,2025-08,9,available,2025-08-31
VZL-RV3,VEZEL,STM,2025-08,4,available,2025-08-31
ENP-ENP1,e:NP1,SZK,2025-08,38,available,2025-08-31
SWN-RP6,STEP WGN,KMM,2025-08,4,available,2025-08-31
FRD-GB5,FREED,HMM,2025-08,1,available,2025-08-31
PLT-YF3,PILOT,SZK,2025-08,2,available,2025-08-31
FRD-GB5,FREED,SZK,2025-08,0,available,2025-08-31
ZRV-RZ3,ZR-V,STM,2025-08,5,available,2025-08-31
RDG-YF6,RIDGELINE,HTB,2025-08,13,available,2025-08-31
PRO-ZC5,Prologue,STM,2025-08,37,available,2025-08-31
FIT-GR3,FIT,HTB,2025-08,5,available,2025-08-31
CRV-RT5,CR-V,STM,2025-08,5,available,2025-08-31
VZL-RV3,VEZEL,SZK,2025-08,9,available,2025-08-31
VZL-RV3,VEZEL,HMM,2025-08,9,available,2025-08-31
NOE-JG4,N-ONE e:,HTB,2025-08,10,available,2025-08-31
ENP-ENP1,e:NP1,HTB,2025-08,13,available,2025-08-31
HDE-ZC1,Honda e,STM,2025-08,6,available,2025-08-31
ODY-RC1,ODYSSEY,STM,2025-08,5,available,2025-08-31
PLT-YF3,PILOT,HTB,2025-08,28,available,2025-08-31
FIT-GR3,FIT,KMM,2025-08,5,available,2025-08-31
PRO-ZC5,Prologue,SZK,2025-08,17,available,2025-08-31
FRD-GB5,FREED,HTB,2025-08,5,available,2025-08-31
ZRV-RZ3,ZR-V,HMM,2025-08,2,available,2025-08-31
ACD-CV1,ACCORD,STM,2025-08,0,available,2025-08-31
ZRV-RZ3,ZR-V,SZK,2025-08,10,available,2025-08-31
NOE-JG4,N-ONE e:,KMM,2025-08,7,available,2025-08-31
PSP-YF7,PASSPORT,STM,2025-08,3,available,2025-08-31
SWN-RP6,STEP WGN,STM,2025-09,2,available,2025-09-30
CRV-RT5,CR-V,SZK,2025-09,5,available,2025-09-30
FRD-GB5,FREED,KMM,2025-09,4,available,2025-09-30
VZL-RV3,VEZEL,HTB,2025-09,8,available,2025-09-30
HDE-ZC1,Honda e,SZK,2025-09,0,available,2025-09-30
HDE-ZC1,Honda e,HMM,2025-09,7,available,2025-09-30
ODY-RC1,ODYSSEY,SZK,2025-09,5,available,2025-09-30
ACD-CV1,ACCORD,SZK,2025-09,41,available,2025-09-30
ZRV-RZ3,ZR-V,HTB,2025-09,2,available,2025-09-30
PSP-YF7,PASSPORT,SZK,2025-09,9,available,2025-09-30
PRO-ZC5,Prologue,HTB,2025-09,4,available,2025-09-30
VZL-RV3,VEZEL,KMM,2025-09,5,available,2025-09-30
RDG-YF6,RIDGELINE,STM,2025-09,17,available,2025-09-30
SWN-RP6,STEP WGN,SZK,2025-09,7,available,2025-09-30
CRV-RT5,CR-V,HTB,2025-09,5,available,2025-09-30
SWN-RP6,STEP WGN,HMM,2025-09,6,available,2025-09-30
ZRV-RZ3,ZR-V,KMM,2025-09,14,available,2025-09-30
FIT-GR3,FIT,STM,2025-09,2,available,2025-09-30
ODY-RC1,ODYSSEY,HTB,2025-09,0,available,2025-09-30
HDE-ZC1,Honda e,HTB,2025-09,5,available,2025-09-30
NOE-JG4,N-ONE e:,STM,2025-09,2,available,2025-09-30
ENP-ENP1,e:NP1,STM,2025-09,3,available,2025-09-30
ACD-CV1,ACCORD,HTB,2025-09,28,available,2025-09-30
PSP-YF7,PASSPORT,HTB,2025-09,0,available,2025-09-30
PLT-YF3,PILOT,STM,2025-09,5,available,2025-09-30
RDG-YF6,RIDGELINE,SZK,2025-09,11,available,2025-09-30
FRD-GB5,FREED,STM,2025-09,2,available,2025-09-30
HDE-ZC1,Honda e,KMM,2025-09,7,available,2025-09-30
SWN-RP6,STEP WGN,HTB,2025-09,4,available,2025-09-30
FIT-GR3,FIT,HMM,2025-09,5,available,2025-09-30
FIT-GR3,FIT,SZK,2025-09,10,available,2025-09-30
NOE-JG4,N-ONE e:,SZK,2025-09,2,available,2025-09-30
NOE-JG4,N-ONE e:,HMM,2025-09,7,available,2025-09-30
VZL-RV3,VEZEL,STM,2025-09,3,available,2025-09-30
ENP-ENP1,e:NP1,SZK,2025-09,32,available,2025-09-30
SWN-RP6,STEP WGN,KMM,2025-09,4,available,2025-09-30
FRD-GB5,FREED,HMM,2025-09,5,available,2025-09-30
PLT-YF3,PILOT,SZK,2025-09,1,available,2025-09-30
FRD-GB5,FREED,SZK,2025-09,1,available,2025-09-30
ZRV-RZ3,ZR-V,STM,2025-09,4,available,2025-09-30
RDG-YF6,RIDGELINE,HTB,2025-09,21,available,2025-09-30
PRO-ZC5,Prologue,STM,2025-09,36,available,2025-09-30
FIT-GR3,FIT,HTB,2025-09,5,available,2025-09-30
CRV-RT5,CR-V,STM,2025-09,5,available,2025-09-30
VZL-RV3,VEZEL,SZK,2025-09,7,available,2025-09-30
VZL-RV3,VEZEL,HMM,2025-09,5,available,2025-09-30
NOE-JG4,N-ONE e:,HTB,2025-09,8,available,2025-09-30
ENP-ENP1,e:NP1,HTB,2025-09,12,available,2025-09-30
HDE-ZC1,Honda e,STM,2025-09,5,available,2025-09-30
ODY-RC1,ODYSSEY,STM,2025-09,5,available,2025-09-30
PLT-YF3,PILOT,HTB,2025-09,28,available,2025-09-30
FIT-GR3,FIT,KMM,2025-09,5,available,2025-09-30
PRO-ZC5,Prologue,SZK,2025-09,12,available,2025-09-30
FRD-GB5,FREED,HTB,2025-09,3,available,2025-09-30
ZRV-RZ3,ZR-V,HMM,2025-09,1,available,2025-09-30
ACD-CV1,ACCORD,STM,2025-09,0,available,2025-09-30
ZRV-RZ3,ZR-V,SZK,2025-09,9,available,2025-09-30
NOE-JG4,N-ONE e:,KMM,2025-09,5,available,2025-09-30
PSP-YF7,PASSPORT,STM,2025-09,1,available,2025-09-30
SWN-RP6,STEP WGN,STM,2025-10,4,available,2025-10-31
CRV-RT5,CR-V,SZK,2025-10,4,available,2025-10-31
FRD-GB5,FREED,KMM,2025-10,3,available,2025-10-31
VZL-RV3,VEZEL,HTB,2025-10,10,available,2025-10-31
HDE-ZC1,Honda e,SZK,2025-10,5,available,2025-10-31
HDE-ZC1,Honda e,HMM,2025-10,7,available,2025-10-31
ODY-RC1,ODYSSEY,SZK,2025-10,5,available,2025-10-31
ACD-CV1,ACCORD,SZK,2025-10,41,available,2025-10-31
ZRV-RZ3,ZR-V,HTB,2025-10,1,available,2025-10-31
PSP-YF7,PASSPORT,SZK,2025-10,5,available,2025-10-31
PRO-ZC5,Prologue,HTB,2025-10,4,available,2025-10-31
VZL-RV3,VEZEL,KMM,2025-10,4,available,2025-10-31
RDG-YF6,RIDGELINE,STM,2025-10,17,available,2025-10-31
SWN-RP6,STEP WGN,SZK,2025-10,9,available,2025-10-31
CRV-RT5,CR-V,HTB,2025-10,5,available,2025-10-31
SWN-RP6,STEP WGN,HMM,2025-10,4,available,2025-10-31
ZRV-RZ3,ZR-V,KMM,2025-10,12,available,2025-10-31
FIT-GR3,FIT,STM,2025-10,2,available,2025-10-31
ODY-RC1,ODYSSEY,HTB,2025-10,0,available,2025-10-31
HDE-ZC1,Honda e,HTB,2025-10,5,available,2025-10-31
NOE-JG4,N-ONE e:,STM,2025-10,8,available,2025-10-31
ENP-ENP1,e:NP1,STM,2025-10,1,available,2025-10-31
ACD-CV1,ACCORD,HTB,2025-10,15,available,2025-10-31
PSP-YF7,PASSPORT,HTB,2025-10,0,available,2025-10-31
PLT-YF3,PILOT,STM,2025-10,5,available,2025-10-31
RDG-YF6,RIDGELINE,SZK,2025-10,9,available,2025-10-31
FRD-GB5,FREED,STM,2025-10,1,available,2025-10-31
HDE-ZC1,Honda e,KMM,2025-10,9,available,2025-10-31
SWN-RP6,STEP WGN,HTB,2025-10,3,available,2025-10-31
FIT-GR3,FIT,HMM,2025-10,3,available,2025-10-31
FIT-GR3,FIT,SZK,2025-10,9,available,2025-10-31
NOE-JG4,N-ONE e:,SZK,2025-10,0,available,2025-10-31
NOE-JG4,N-ONE e:,HMM,2025-10,6,available,2025-10-31
VZL-RV3,VEZEL,STM,2025-10,2,available,2025-10-31
ENP-ENP1,e:NP1,SZK,2025-10,27,available,2025-10-31
SWN-RP6,STEP WGN,KMM,2025-10,4,available,2025-10-31
FRD-GB5,FREED,HMM,2025-10,14,available,2025-10-31
PLT-YF3,PILOT,SZK,2025-10,0,available,2025-10-31
FRD-GB5,FREED,SZK,2025-10,1,available,2025-10-31
ZRV-RZ3,ZR-V,STM,2025-10,8,available,2025-10-31
RDG-YF6,RIDGELINE,HTB,2025-10,16,available,2025-10-31
PRO-ZC5,Prologue,STM,2025-10,35,available,2025-10-31
FIT-GR3,FIT,HTB,2025-10,4,available,2025-10-31
CRV-RT5,CR-V,STM,2025-10,5,available,2025-10-31
VZL-RV3,VEZEL,SZK,2025-10,7,available,2025-10-31
VZL-RV3,VEZEL,HMM,2025-10,3,available,2025-10-31
NOE-JG4,N-ONE e:,HTB,2025-10,7,available,2025-10-31
ENP-ENP1,e:NP1,HTB,2025-10,11,available,2025-10-31
HDE-ZC1,Honda e,STM,2025-10,3,available,2025-10-31
ODY-RC1,ODYSSEY,STM,2025-10,15,available,2025-10-31
PLT-YF3,PILOT,HTB,2025-10,23,available,2025-10-31
FIT-GR3,FIT,KMM,2025-10,5,available,2025-10-31
PRO-ZC5,Prologue,SZK,2025-10,24,available,2025-10-31
FRD-GB5,FREED,HTB,2025-10,1,available,2025-10-31
ZRV-RZ3,ZR-V,HMM,2025-10,1,available,2025-10-31
ACD-CV1,ACCORD,STM,2025-10,0,available,2025-10-31
ZRV-RZ3,ZR-V,SZK,2025-10,7,available,2025-10-31
NOE-JG4,N-ONE e:,KMM,2025-10,3,available,2025-10-31
PSP-YF7,PASSPORT,STM,2025-10,0,available,2025-10-31
SWN-RP6,STEP WGN,STM,2025-11,3,available,2025-11-30
CRV-RT5,CR-V,SZK,2025-11,4,available,2025-11-30
FRD-GB5,FREED,KMM,2025-11,8,available,2025-11-30
VZL-RV3,VEZEL,HTB,2025-11,7,available,2025-11-30
HDE-ZC1,Honda e,SZK,2025-11,5,available,2025-11-30
HDE-ZC1,Honda e,HMM,2025-11,6,available,2025-11-30
ODY-RC1,ODYSSEY,SZK,2025-11,12,available,2025-11-30
ACD-CV1,ACCORD,SZK,2025-11,39,available,2025-11-30
ZRV-RZ3,ZR-V,HTB,2025-11,1,available,2025-11-30
PSP-YF7,PASSPORT,SZK,2025-11,4,available,2025-11-30
PRO-ZC5,Prologue,HTB,2025-11,3,available,2025-11-30
VZL-RV3,VEZEL,KMM,2025-11,6,available,2025-11-30
RDG-YF6,RIDGELINE,STM,2025-11,15,available,2025-11-30
SWN-RP6,STEP WGN,SZK,2025-11,8,available,2025-11-30
CRV-RT5,CR-V,HTB,2025-11,3,available,2025-11-30
SWN-RP6,STEP WGN,HMM,2025-11,3,available,2025-11-30
ZRV-RZ3,ZR-V,KMM,2025-11,11,available,2025-11-30
FIT-GR3,FIT,STM,2025-11,6,available,2025-11-30
ODY-RC1,ODYSSEY,HTB,2025-11,0,available,2025-11-30
HDE-ZC1,Honda e,HTB,2025-11,4,available,2025-11-30
NOE-JG4,N-ONE e:,STM,2025-11,8,available,2025-11-30
ENP-ENP1,e:NP1,STM,2025-11,8,available,2025-11-30
ACD-CV1,ACCORD,HTB,2025-11,10,available,2025-11-30
PSP-YF7,PASSPORT,HTB,2025-11,5,available,2025-11-30
PLT-YF3,PILOT,STM,2025-11,4,available,2025-11-30
RDG-YF6,RIDGELINE,SZK,2025-11,6,available,2025-11-30
FRD-GB5,FREED,STM,2025-11,1,available,2025-11-30
HDE-ZC1,Honda e,KMM,2025-11,7,available,2025-11-30
SWN-RP6,STEP WGN,HTB,2025-11,8,available,2025-11-30
FIT-GR3,FIT,HMM,2025-11,2,available,2025-11-30
FIT-GR3,FIT,SZK,2025-11,6,available,2025-11-30
NOE-JG4,N-ONE e:,SZK,2025-11,0,available,2025-11-30
NOE-JG4,N-ONE e:,HMM,2025-11,16,available,2025-11-30
VZL-RV3,VEZEL,STM,2025-11,2,available,2025-11-30
ENP-ENP1,e:NP1,SZK,2025-11,22,available,2025-11-30
SWN-RP6,STEP WGN,KMM,2025-11,5,available,2025-11-30
FRD-GB5,FREED,HMM,2025-11,9,available,2025-11-30
PLT-YF3,PILOT,SZK,2025-11,0,available,2025-11-30
FRD-GB5,FREED,SZK,2025-11,0,available,2025-11-30
ZRV-RZ3,ZR-V,STM,2025-11,6,available,2025-11-30
RDG-YF6,RIDGELINE,HTB,2025-11,14,available,2025-11-30
PRO-ZC5,Prologue,STM,2025-11,35,available,2025-11-30
FIT-GR3,FIT,HTB,2025-11,4,available,2025-11-30
CRV-RT5,CR-V,STM,2025-11,5,available,2025-11-30
VZL-RV3,VEZEL,SZK,2025-11,5,available,2025-11-30
VZL-RV3,VEZEL,HMM,2025-11,2,available,2025-11-30
NOE-JG4,N-ONE e:,HTB,2025-11,7,available,2025-11-30
ENP-ENP1,e:NP1,HTB,2025-11,11,available,2025-11-30
HDE-ZC1,Honda e,STM,2025-11,1,available,2025-11-30
ODY-RC1,ODYSSEY,STM,2025-11,13,available,2025-11-30
PLT-YF3,PILOT,HTB,2025-11,18,available,2025-11-30
FIT-GR3,FIT,KMM,2025-11,5,available,2025-11-30
PRO-ZC5,Prologue,SZK,2025-11,24,available,2025-11-30
FRD-GB5,FREED,HTB,2025-11,5,available,2025-11-30
ZRV-RZ3,ZR-V,HMM,2025-11,10,available,2025-11-30
ACD-CV1,ACCORD,STM,2025-11,9,available,2025-11-30
ZRV-RZ3,ZR-V,SZK,2025-11,6,available,2025-11-30
NOE-JG4,N-ONE e:,KMM,2025-11,2,available,2025-11-30
PSP-YF7,PASSPORT,STM,2025-11,24,available,2025-11-30
