payroll_id,employee_id,employee_name,department,position,payment_period,base_salary,overtime_pay,allowances,deductions,net_salary,payment_date,currency,employment_type,cost_center
PAY-2022-01-00001,EMP-KMM-MAN-001,田中太郎,manufacturing,operator,2022-01,325709,20000,55816,99103,302422,2022-01-25,JPY,full_time,CC-005
PAY-2022-01-00002,EMP-KMM-SAL-002,鈴木花子,sales,manager,2022-01,370781,33221,49761,107507,346256,2022-01-25,JPY,full_time,CC-002
PAY-2022-01-00003,EMP-KMM-R&D-003,佐藤健一,R&D,senior_researcher,2022-01,382299,40056,10515,109731,323139,2022-01-25,JPY,full_time,CC-004
PAY-2022-01-00004,EMP-KMM-ADM-004,高橋美咲,administration,manager,2022-01,321528,65530,55983,95465,347576,2022-01-25,JPY,full_time,CC-001
PAY-2022-01-00005,EMP-HTB-MAN-005,渡辺誠,manufacturing,engineer,2022-01,308020,20000,42771,85669,285122,2022-01-25,JPY,full_time,CC-005
PAY-2022-01-00006,EMP-HTB-SAL-006,伊藤陽子,sales,manager,2022-01,389465,73486,58958,121973,399936,2022-01-25,JPY,full_time,CC-002
PAY-2022-01-00007,EMP-HTB-R&D-007,山本大輔,R&D,researcher,2022-01,442621,68433,37008,133051,415011,2022-01-25,JPY,full_time,CC-004
PAY-2022-01-00008,EMP-HTB-ADM-008,中村麻美,administration,staff,2022-01,353697,39146,43609,104083,332369,2022-01-25,JPY,full_time,CC-001
PAY-2022-01-00009,EMP-STM-MAN-009,小林優太,manufacturing,supervisor,2022-01,325596,26448,38258,87365,302937,2022-01-25,JPY,full_time,CC-005
PAY-2022-01-00010,EMP-STM-SAL-010,加藤絵里,sales,manager,2022-01,303207,67391,53816,94925,329489,2022-01-25,JPY,full_time,CC-002
PAY-2022-01-00011,EMP-STM-R&D-011,吉田拓也,R&D,senior_researcher,2022-01,420365,41741,41024,125007,378123,2022-01-25,JPY,full_time,CC-004
PAY-2022-01-00012,EMP-STM-ADM-012,山田真理子,administration,manager,2022-01,376804,79448,46927,124616,378563,2022-01-25,JPY,full_time,CC-001
PAY-2022-01-00013,EMP-SZK-MAN-013,佐々木翔,manufacturing,operator,2022-01,337271,20000,35207,99560,292918,2022-01-25,JPY,full_time,CC-005
PAY-2022-01-00014,EMP-SZK-SAL-014,井上明日香,sales,sales_rep,2022-01,397786,40546,19093,115504,341921,2022-01-25,JPY,full_time,CC-002
PAY-2022-01-00015,EMP-SZK-R&D-015,木村雄一,R&D,senior_researcher,2022-01,358419,44485,55033,100646,357291,2022-01-25,JPY,full_time,CC-004
PAY-2022-01-00016,EMP-SZK-ADM-016,松本由美,administration,manager,2022-01,360773,53223,41342,118595,336743,2022-01-25,JPY,full_time,CC-001
PAY-2022-01-00017,EMP-HMM-MAN-017,林健太郎,manufacturing,operator,2022-01,349211,20000,56647,101129,324729,2022-01-25,JPY,full_time,CC-005
PAY-2022-01-00018,EMP-HMM-SAL-018,清水千尋,sales,sales_rep,2022-01,359251,73060,37044,113458,355897,2022-01-25,JPY,full_time,CC-002
PAY-2022-01-00019,EMP-HMM-R&D-019,森本祐介,R&D,senior_researcher,2022-01,351250,30974,47844,106383,323685,2022-01-25,JPY,full_time,CC-004
PAY-2022-01-00020,EMP-HMM-ADM-020,池田愛美,administration,manager,2022-01,349514,54000,35112,112035,326591,2022-01-25,JPY,full_time,CC-001
PAY-2022-02-00021,EMP-KMM-MAN-001,田中太郎,manufacturing,operator,2022-02,325709,20000,29125,85412,289422,2022-02-25,JPY,full_time,CC-005
PAY-2022-02-00022,EMP-KMM-SAL-002,鈴木花子,sales,manager,2022-02,370781,65242,32124,124952,343195,2022-02-25,JPY,full_time,CC-002
PAY-2022-02-00023,EMP-KMM-R&D-003,佐藤健一,R&D,senior_researcher,2022-02,382299,58149,46333,120689,366092,2022-02-25,JPY,full_time,CC-004
PAY-2022-02-00024,EMP-KMM-ADM-004,高橋美咲,administration,manager,2022-02,321528,39462,10793,91971,279812,2022-02-25,JPY,full_time,CC-001
PAY-2022-02-00025,EMP-HTB-MAN-005,渡辺誠,manufacturing,engineer,2022-02,308020,20000,40352,82859,285513,2022-02-25,JPY,full_time,CC-005
PAY-2022-02-00026,EMP-HTB-SAL-006,伊藤陽子,sales,manager,2022-02,389465,39392,54621,116937,366541,2022-02-25,JPY,full_time,CC-002
PAY-2022-02-00027,EMP-HTB-R&D-007,山本大輔,R&D,researcher,2022-02,442621,33771,45638,118936,403094,2022-02-25,JPY,full_time,CC-004
PAY-2022-02-00028,EMP-HTB-ADM-008,中村麻美,administration,staff,2022-02,353697,44484,29247,114511,312917,2022-02-25,JPY,full_time,CC-001
PAY-2022-02-00029,EMP-STM-MAN-009,小林優太,manufacturing,supervisor,2022-02,325596,20000,33057,95448,283205,2022-02-25,JPY,full_time,CC-005
PAY-2022-02-00030,EMP-STM-SAL-010,加藤絵里,sales,manager,2022-02,303207,70256,31823,91558,313728,2022-02-25,JPY,full_time,CC-002
PAY-2022-02-00031,EMP-STM-R&D-011,吉田拓也,R&D,senior_researcher,2022-02,420365,45557,40058,129244,376736,2022-02-25,JPY,full_time,CC-004
PAY-2022-02-00032,EMP-STM-ADM-012,山田真理子,administration,manager,2022-02,376804,78435,29147,115982,368404,2022-02-25,JPY,full_time,CC-001
PAY-2022-02-00033,EMP-SZK-MAN-013,佐々木翔,manufacturing,operator,2022-02,337271,22913,41431,96966,304649,2022-02-25,JPY,full_time,CC-005
PAY-2022-02-00034,EMP-SZK-SAL-014,井上明日香,sales,sales_rep,2022-02,397786,75987,35867,118389,391251,2022-02-25,JPY,full_time,CC-002
PAY-2022-02-00035,EMP-SZK-R&D-015,木村雄一,R&D,senior_researcher,2022-02,358419,67002,54632,110471,369582,2022-02-25,JPY,full_time,CC-004
PAY-2022-02-00036,EMP-SZK-ADM-016,松本由美,administration,manager,2022-02,360773,41081,39811,104342,337323,2022-02-25,JPY,full_time,CC-001
PAY-2022-02-00037,EMP-HMM-MAN-017,林健太郎,manufacturing,operator,2022-02,349211,20000,33618,103071,299758,2022-02-25,JPY,full_time,CC-005
PAY-2022-02-00038,EMP-HMM-SAL-018,清水千尋,sales,sales_rep,2022-02,359251,34066,35475,97907,330885,2022-02-25,JPY,full_time,CC-002
PAY-2022-02-00039,EMP-HMM-R&D-019,森本祐介,R&D,senior_researcher,2022-02,351250,30556,45598,92930,334474,2022-02-25,JPY,full_time,CC-004
PAY-2022-02-00040,EMP-HMM-ADM-020,池田愛美,administration,manager,2022-02,349514,54122,65550,108166,361020,2022-02-25,JPY,full_time,CC-001
PAY-2022-03-00041,EMP-KMM-MAN-001,田中太郎,manufacturing,operator,2022-03,325709,20000,58117,93239,310587,2022-03-25,JPY,full_time,CC-005
PAY-2022-03-00042,EMP-KMM-SAL-002,鈴木花子,sales,manager,2022-03,370781,60676,45125,118080,358502,2022-03-25,JPY,full_time,CC-002
PAY-2022-03-00043,EMP-KMM-R&D-003,佐藤健一,R&D,senior_researcher,2022-03,382299,68424,61974,117171,395526,2022-03-25,JPY,full_time,CC-004
PAY-2022-03-00044,EMP-KMM-ADM-004,高橋美咲,administration,manager,2022-03,321528,46215,16498,90289,293952,2022-03-25,JPY,full_time,CC-001
PAY-2022-03-00045,EMP-HTB-MAN-005,渡辺誠,manufacturing,engineer,2022-03,308020,20410,35715,82305,281840,2022-03-25,JPY,full_time,CC-005
PAY-2022-03-00046,EMP-HTB-SAL-006,伊藤陽子,sales,manager,2022-03,389465,37551,37493,109722,354787,2022-03-25,JPY,full_time,CC-002
PAY-2022-03-00047,EMP-HTB-R&D-007,山本大輔,R&D,researcher,2022-03,442621,65553,43158,138523,412809,2022-03-25,JPY,full_time,CC-004
PAY-2022-03-00048,EMP-HTB-ADM-008,中村麻美,administration,staff,2022-03,353697,61625,64014,102334,377002,2022-03-25,JPY,full_time,CC-001
PAY-2022-03-00049,EMP-STM-MAN-009,小林優太,manufacturing,supervisor,2022-03,325596,22705,44364,94944,297721,2022-03-25,JPY,full_time,CC-005
PAY-2022-03-00050,EMP-STM-SAL-010,加藤絵里,sales,manager,2022-03,303207,76749,24559,95154,309361,2022-03-25,JPY,full_time,CC-002
PAY-2022-03-00051,EMP-STM-R&D-011,吉田拓也,R&D,senior_researcher,2022-03,420365,54583,25852,131863,368937,2022-03-25,JPY,full_time,CC-004
PAY-2022-03-00052,EMP-STM-ADM-012,山田真理子,administration,manager,2022-03,376804,50194,54704,110881,370821,2022-03-25,JPY,full_time,CC-001
PAY-2022-03-00053,EMP-SZK-MAN-013,佐々木翔,manufacturing,operator,2022-03,337271,20000,55609,93320,319560,2022-03-25,JPY,full_time,CC-005
PAY-2022-03-00054,EMP-SZK-SAL-014,井上明日香,sales,sales_rep,2022-03,397786,61540,31841,127857,363310,2022-03-25,JPY,full_time,CC-002
PAY-2022-03-00055,EMP-SZK-R&D-015,木村雄一,R&D,senior_researcher,2022-03,358419,43324,55509,116333,340919,2022-03-25,JPY,full_time,CC-004
PAY-2022-03-00056,EMP-SZK-ADM-016,松本由美,administration,manager,2022-03,360773,79201,38126,111924,366176,2022-03-25,JPY,full_time,CC-001
PAY-2022-03-00057,EMP-HMM-MAN-017,林健太郎,manufacturing,operator,2022-03,349211,20000,30666,104463,295414,2022-03-25,JPY,full_time,CC-005
PAY-2022-03-00058,EMP-HMM-SAL-018,清水千尋,sales,sales_rep,2022-03,359251,39246,51752,100219,350030,2022-03-25,JPY,full_time,CC-002
PAY-2022-03-00059,EMP-HMM-R&D-019,森本祐介,R&D,senior_researcher,2022-03,351250,46595,42487,103380,336952,2022-03-25,JPY,full_time,CC-004
PAY-2022-03-00060,EMP-HMM-ADM-020,池田愛美,administration,manager,2022-03,349514,75393,15709,105657,334959,2022-03-25,JPY,full_time,CC-001
PAY-2022-04-00061,EMP-KMM-MAN-001,田中太郎,manufacturing,operator,2022-04,325709,20000,33294,94357,284646,2022-04-25,JPY,full_time,CC-005
PAY-2022-04-00062,EMP-KMM-SAL-002,鈴木花子,sales,manager,2022-04,370781,59176,41868,114656,357169,2022-04-25,JPY,full_time,CC-002
PAY-2022-04-00063,EMP-KMM-R&D-003,佐藤健一,R&D,senior_researcher,2022-04,382299,37909,11403,116051,315560,2022-04-25,JPY,full_time,CC-004
PAY-2022-04-00064,EMP-KMM-ADM-004,高橋美咲,administration,manager,2022-04,321528,61528,31060,102196,311920,2022-04-25,JPY,full_time,CC-001
PAY-2022-04-00065,EMP-HTB-MAN-005,渡辺誠,manufacturing,engineer,2022-04,308020,20000,29769,84814,272975,2022-04-25,JPY,full_time,CC-005
PAY-2022-04-00066,EMP-HTB-SAL-006,伊藤陽子,sales,manager,2022-04,389465,64844,40973,117629,377653,2022-04-25,JPY,full_time,CC-002
PAY-2022-04-00067,EMP-HTB-R&D-007,山本大輔,R&D,researcher,2022-04,442621,38880,51830,127697,405634,2022-04-25,JPY,full_time,CC-004
PAY-2022-04-00068,EMP-HTB-ADM-008,中村麻美,administration,staff,2022-04,353697,43098,52684,107815,341664,2022-04-25,JPY,full_time,CC-001
PAY-2022-04-00069,EMP-STM-MAN-009,小林優太,manufacturing,supervisor,2022-04,325596,20000,40922,95583,290935,2022-04-25,JPY,full_time,CC-005
PAY-2022-04-00070,EMP-STM-SAL-010,加藤絵里,sales,manager,2022-04,303207,34542,58813,97363,299199,2022-04-25,JPY,full_time,CC-002
PAY-2022-04-00071,EMP-STM-R&D-011,吉田拓也,R&D,senior_researcher,2022-04,420365,32384,41357,118718,375388,2022-04-25,JPY,full_time,CC-004
PAY-2022-04-00072,EMP-STM-ADM-012,山田真理子,administration,manager,2022-04,376804,37687,59479,107563,366407,2022-04-25,JPY,full_time,CC-001
PAY-2022-04-00073,EMP-SZK-MAN-013,佐々木翔,manufacturing,operator,2022-04,337271,20000,38506,100434,295343,2022-04-25,JPY,full_time,CC-005
PAY-2022-04-00074,EMP-SZK-SAL-014,井上明日香,sales,sales_rep,2022-04,397786,65173,26163,118670,370452,2022-04-25,JPY,full_time,CC-002
PAY-2022-04-00075,EMP-SZK-R&D-015,木村雄一,R&D,senior_researcher,2022-04,358419,69523,55741,106931,376752,2022-04-25,JPY,full_time,CC-004
PAY-2022-04-00076,EMP-SZK-ADM-016,松本由美,administration,manager,2022-04,360773,62334,38267,114872,346502,2022-04-25,JPY,full_time,CC-001
PAY-2022-04-00077,EMP-HMM-MAN-017,林健太郎,manufacturing,operator,2022-04,349211,20000,61996,105594,325613,2022-04-25,JPY,full_time,CC-005
PAY-2022-04-00078,EMP-HMM-SAL-018,清水千尋,sales,sales_rep,2022-04,359251,46403,51250,111399,345505,2022-04-25,JPY,full_time,CC-002
PAY-2022-04-00079,EMP-HMM-R&D-019,森本祐介,R&D,senior_researcher,2022-04,351250,52662,55134,102415,356631,2022-04-25,JPY,full_time,CC-004
PAY-2022-04-00080,EMP-HMM-ADM-020,池田愛美,administration,manager,2022-04,349514,32015,43638,110132,315035,2022-04-25,JPY,full_time,CC-001
PAY-2022-05-00081,EMP-KMM-MAN-001,田中太郎,manufacturing,operator,2022-05,325709,20000,60453,92086,314076,2022-05-25,JPY,full_time,CC-005
PAY-2022-05-00082,EMP-KMM-SAL-002,鈴木花子,sales,manager,2022-05,370781,68933,27621,121607,345728,2022-05-25,JPY,full_time,CC-002
PAY-2022-05-00083,EMP-KMM-R&D-003,佐藤健一,R&D,senior_researcher,2022-05,382299,36364,23504,108047,334120,2022-05-25,JPY,full_time,CC-004
PAY-2022-05-00084,EMP-KMM-ADM-004,高橋美咲,administration,manager,2022-05,321528,39683,11459,93998,278672,2022-05-25,JPY,full_time,CC-001
PAY-2022-05-00085,EMP-HTB-MAN-005,渡辺誠,manufacturing,engineer,2022-05,308020,22226,29546,91377,268415,2022-05-25,JPY,full_time,CC-005
PAY-2022-05-00086,EMP-HTB-SAL-006,伊藤陽子,sales,manager,2022-05,389465,32596,29128,111535,339654,2022-05-25,JPY,full_time,CC-002
PAY-2022-05-00087,EMP-HTB-R&D-007,山本大輔,R&D,researcher,2022-05,442621,30096,40396,117668,395445,2022-05-25,JPY,full_time,CC-004
PAY-2022-05-00088,EMP-HTB-ADM-008,中村麻美,administration,staff,2022-05,353697,55906,34226,112755,331074,2022-05-25,JPY,full_time,CC-001
PAY-2022-05-00089,EMP-STM-MAN-009,小林優太,manufacturing,supervisor,2022-05,325596,23484,61491,96618,313953,2022-05-25,JPY,full_time,CC-005
PAY-2022-05-00090,EMP-STM-SAL-010,加藤絵里,sales,manager,2022-05,303207,39289,36988,84450,295034,2022-05-25,JPY,full_time,CC-002
PAY-2022-05-00091,EMP-STM-R&D-011,吉田拓也,R&D,senior_researcher,2022-05,420365,58042,42421,126256,394572,2022-05-25,JPY,full_time,CC-004
PAY-2022-05-00092,EMP-STM-ADM-012,山田真理子,administration,manager,2022-05,376804,61210,49053,123636,363431,2022-05-25,JPY,full_time,CC-001
PAY-2022-05-00093,EMP-SZK-MAN-013,佐々木翔,manufacturing,operator,2022-05,337271,20000,12266,96570,272967,2022-05-25,JPY,full_time,CC-005
PAY-2022-05-00094,EMP-SZK-SAL-014,井上明日香,sales,sales_rep,2022-05,397786,69914,47620,123093,392227,2022-05-25,JPY,full_time,CC-002
PAY-2022-05-00095,EMP-SZK-R&D-015,木村雄一,R&D,senior_researcher,2022-05,358419,30041,54735,99398,343797,2022-05-25,JPY,full_time,CC-004
PAY-2022-05-00096,EMP-SZK-ADM-016,松本由美,administration,manager,2022-05,360773,51897,48834,106570,354934,2022-05-25,JPY,full_time,CC-001
PAY-2022-05-00097,EMP-HMM-MAN-017,林健太郎,manufacturing,operator,2022-05,349211,20000,19422,105741,282892,2022-05-25,JPY,full_time,CC-005
PAY-2022-05-00098,EMP-HMM-SAL-018,清水千尋,sales,sales_rep,2022-05,359251,67314,40882,119688,347759,2022-05-25,JPY,full_time,CC-002
PAY-2022-05-00099,EMP-HMM-R&D-019,森本祐介,R&D,senior_researcher,2022-05,351250,57213,33235,103202,338496,2022-05-25,JPY,full_time,CC-004
PAY-2022-05-00100,EMP-HMM-ADM-020,池田愛美,administration,manager,2022-05,349514,52724,49294,111718,339814,2022-05-25,JPY,full_time,CC-001
PAY-2022-06-00101,EMP-KMM-MAN-001,田中太郎,manufacturing,operator,2022-06,325709,20000,43449,92471,296687,2022-06-25,JPY,full_time,CC-005
PAY-2022-06-00102,EMP-KMM-SAL-002,鈴木花子,sales,manager,2022-06,370781,77333,55969,116105,387978,2022-06-25,JPY,full_time,CC-002
PAY-2022-06-00103,EMP-KMM-R&D-003,佐藤健一,R&D,senior_researcher,2022-06,382299,34516,56174,104593,368396,2022-06-25,JPY,full_time,CC-004
PAY-2022-06-00104,EMP-KMM-ADM-004,高橋美咲,administration,manager,2022-06,321528,30125,29735,93983,287405,2022-06-25,JPY,full_time,CC-001
PAY-2022-06-00105,EMP-HTB-MAN-005,渡辺誠,manufacturing,engineer,2022-06,308020,20000,38780,85125,281675,2022-06-25,JPY,full_time,CC-005
PAY-2022-06-00106,EMP-HTB-SAL-006,伊藤陽子,sales,manager,2022-06,389465,62367,21485,114261,359056,2022-06-25,JPY,full_time,CC-002
PAY-2022-06-00107,EMP-HTB-R&D-007,山本大輔,R&D,researcher,2022-06,442621,45027,43976,132328,399296,2022-06-25,JPY,full_time,CC-004
PAY-2022-06-00108,EMP-HTB-ADM-008,中村麻美,administration,staff,2022-06,353697,71326,36283,115938,345368,2022-06-25,JPY,full_time,CC-001
PAY-2022-06-00109,EMP-STM-MAN-009,小林優太,manufacturing,supervisor,2022-06,325596,29436,53695,95274,313453,2022-06-25,JPY,full_time,CC-005
PAY-2022-06-00110,EMP-STM-SAL-010,加藤絵里,sales,manager,2022-06,303207,77308,53796,104537,329774,2022-06-25,JPY,full_time,CC-002
PAY-2022-06-00111,EMP-STM-R&D-011,吉田拓也,R&D,senior_researcher,2022-06,420365,39455,38444,123389,374875,2022-06-25,JPY,full_time,CC-004
PAY-2022-06-00112,EMP-STM-ADM-012,山田真理子,administration,manager,2022-06,376804,36526,47745,110546,350529,2022-06-25,JPY,full_time,CC-001
PAY-2022-06-00113,EMP-SZK-MAN-013,佐々木翔,manufacturing,operator,2022-06,337271,20000,25974,99316,283929,2022-06-25,JPY,full_time,CC-005
PAY-2022-06-00114,EMP-SZK-SAL-014,井上明日香,sales,sales_rep,2022-06,397786,69672,36566,121805,382219,2022-06-25,JPY,full_time,CC-002
PAY-2022-06-00115,EMP-SZK-R&D-015,木村雄一,R&D,senior_researcher,2022-06,358419,33743,55592,110792,336962,2022-06-25,JPY,full_time,CC-004
PAY-2022-06-00116,EMP-SZK-ADM-016,松本由美,administration,manager,2022-06,360773,68541,33868,123989,339193,2022-06-25,JPY,full_time,CC-001
PAY-2022-06-00117,EMP-HMM-MAN-017,林健太郎,manufacturing,operator,2022-06,349211,20000,55503,99293,325421,2022-06-25,JPY,full_time,CC-005
PAY-2022-06-00118,EMP-HMM-SAL-018,清水千尋,sales,sales_rep,2022-06,359251,70580,48104,107568,370367,2022-06-25,JPY,full_time,CC-002
PAY-2022-06-00119,EMP-HMM-R&D-019,森本祐介,R&D,senior_researcher,2022-06,351250,30530,55319,107402,329697,2022-06-25,JPY,full_time,CC-004
PAY-2022-06-00120,EMP-HMM-ADM-020,池田愛美,administration,manager,2022-06,349514,47277,51053,104435,343409,2022-06-25,JPY,full_time,CC-001
PAY-2022-07-00121,EMP-KMM-MAN-001,田中太郎,manufacturing,operator,2022-07,325709,20000,58381,94348,309742,2022-07-25,JPY,full_time,CC-005
PAY-2022-07-00122,EMP-KMM-SAL-002,鈴木花子,sales,manager,2022-07,370781,66232,52726,106251,383488,2022-07-25,JPY,full_time,CC-002
PAY-2022-07-00123,EMP-KMM-R&D-003,佐藤健一,R&D,senior_researcher,2022-07,382299,71582,46107,122498,377490,2022-07-25,JPY,full_time,CC-004
PAY-2022-07-00124,EMP-KMM-ADM-004,高橋美咲,administration,manager,2022-07,321528,40273,57266,101304,317763,2022-07-25,JPY,full_time,CC-001
PAY-2022-07-00125,EMP-HTB-MAN-005,渡辺誠,manufacturing,engineer,2022-07,308020,22035,57641,93055,294641,2022-07-25,JPY,full_time,CC-005
PAY-2022-07-00126,EMP-HTB-SAL-006,伊藤陽子,sales,manager,2022-07,389465,74255,35054,120387,378387,2022-07-25,JPY,full_time,CC-002
PAY-2022-07-00127,EMP-HTB-R&D-007,山本大輔,R&D,researcher,2022-07,442621,79006,46156,132792,434991,2022-07-25,JPY,full_time,CC-004
PAY-2022-07-00128,EMP-HTB-ADM-008,中村麻美,administration,staff,2022-07,353697,33195,54849,97164,344577,2022-07-25,JPY,full_time,CC-001
PAY-2022-07-00129,EMP-STM-MAN-009,小林優太,manufacturing,supervisor,2022-07,325596,20000,46058,88737,302917,2022-07-25,JPY,full_time,CC-005
PAY-2022-07-00130,EMP-STM-SAL-010,加藤絵里,sales,manager,2022-07,303207,63397,18607,90471,294740,2022-07-25,JPY,full_time,CC-002
PAY-2022-07-00131,EMP-STM-R&D-011,吉田拓也,R&D,senior_researcher,2022-07,420365,79553,60928,141104,419742,2022-07-25,JPY,full_time,CC-004
PAY-2022-07-00132,EMP-STM-ADM-012,山田真理子,administration,manager,2022-07,376804,48603,52435,117676,360166,2022-07-25,JPY,full_time,CC-001
PAY-2022-07-00133,EMP-SZK-MAN-013,佐々木翔,manufacturing,operator,2022-07,337271,27516,55932,96952,323767,2022-07-25,JPY,full_time,CC-005
PAY-2022-07-00134,EMP-SZK-SAL-014,井上明日香,sales,sales_rep,2022-07,397786,36703,16997,119294,332192,2022-07-25,JPY,full_time,CC-002
PAY-2022-07-00135,EMP-SZK-R&D-015,木村雄一,R&D,senior_researcher,2022-07,358419,69346,54580,111688,370657,2022-07-25,JPY,full_time,CC-004
PAY-2022-07-00136,EMP-SZK-ADM-016,松本由美,administration,manager,2022-07,360773,53276,16251,110698,319602,2022-07-25,JPY,full_time,CC-001
PAY-2022-07-00137,EMP-HMM-MAN-017,林健太郎,manufacturing,operator,2022-07,349211,20000,55304,97976,326539,2022-07-25,JPY,full_time,CC-005
PAY-2022-07-00138,EMP-HMM-SAL-018,清水千尋,sales,sales_rep,2022-07,359251,70015,40395,121161,348500,2022-07-25,JPY,full_time,CC-002
PAY-2022-07-00139,EMP-HMM-R&D-019,森本祐介,R&D,senior_researcher,2022-07,351250,31886,62481,94044,351573,2022-07-25,JPY,full_time,CC-004
PAY-2022-07-00140,EMP-HMM-ADM-020,池田愛美,administration,manager,2022-07,349514,50216,37722,100598,336854,2022-07-25,JPY,full_time,CC-001
PAY-2022-08-00141,EMP-KMM-MAN-001,田中太郎,manufacturing,operator,2022-08,325709,20000,59465,93096,312078,2022-08-25,JPY,full_time,CC-005
PAY-2022-08-00142,EMP-KMM-SAL-002,鈴木花子,sales,manager,2022-08,370781,55934,58279,112844,372150,2022-08-25,JPY,full_time,CC-002
PAY-2022-08-00143,EMP-KMM-R&D-003,佐藤健一,R&D,senior_researcher,2022-08,382299,68589,58876,124507,385257,2022-08-25,JPY,full_time,CC-004
PAY-2022-08-00144,EMP-KMM-ADM-004,高橋美咲,administration,manager,2022-08,321528,76322,42112,104198,335764,2022-08-25,JPY,full_time,CC-001
PAY-2022-08-00145,EMP-HTB-MAN-005,渡辺誠,manufacturing,engineer,2022-08,308020,20000,56117,86591,297546,2022-08-25,JPY,full_time,CC-005
PAY-2022-08-00146,EMP-HTB-SAL-006,伊藤陽子,sales,manager,2022-08,389465,32777,36455,110413,348284,2022-08-25,JPY,full_time,CC-002
PAY-2022-08-00147,EMP-HTB-R&D-007,山本大輔,R&D,researcher,2022-08,442621,62504,24196,132474,396847,2022-08-25,JPY,full_time,CC-004
PAY-2022-08-00148,EMP-HTB-ADM-008,中村麻美,administration,staff,2022-08,353697,49167,54884,99370,358378,2022-08-25,JPY,full_time,CC-001
PAY-2022-08-00149,EMP-STM-MAN-009,小林優太,manufacturing,supervisor,2022-08,325596,20000,63559,89479,319676,2022-08-25,JPY,full_time,CC-005
PAY-2022-08-00150,EMP-STM-SAL-010,加藤絵里,sales,manager,2022-08,303207,78059,53513,98888,335891,2022-08-25,JPY,full_time,CC-002
PAY-2022-08-00151,EMP-STM-R&D-011,吉田拓也,R&D,senior_researcher,2022-08,420365,66186,41024,123962,403613,2022-08-25,JPY,full_time,CC-004
PAY-2022-08-00152,EMP-STM-ADM-012,山田真理子,administration,manager,2022-08,376804,64812,19922,123864,337674,2022-08-25,JPY,full_time,CC-001
PAY-2022-08-00153,EMP-SZK-MAN-013,佐々木翔,manufacturing,operator,2022-08,337271,20000,19017,101523,274765,2022-08-25,JPY,full_time,CC-005
PAY-2022-08-00154,EMP-SZK-SAL-014,井上明日香,sales,sales_rep,2022-08,397786,53884,29946,110640,370976,2022-08-25,JPY,full_time,CC-002
PAY-2022-08-00155,EMP-SZK-R&D-015,木村雄一,R&D,senior_researcher,2022-08,358419,38622,27724,106458,318307,2022-08-25,JPY,full_time,CC-004
PAY-2022-08-00156,EMP-SZK-ADM-016,松本由美,administration,manager,2022-08,360773,61215,50375,111848,360515,2022-08-25,JPY,full_time,CC-001
PAY-2022-08-00157,EMP-HMM-MAN-017,林健太郎,manufacturing,operator,2022-08,349211,20000,46385,107008,308588,2022-08-25,JPY,full_time,CC-005
PAY-2022-08-00158,EMP-HMM-SAL-018,清水千尋,sales,sales_rep,2022-08,359251,47594,32209,117328,321726,2022-08-25,JPY,full_time,CC-002
PAY-2022-08-00159,EMP-HMM-R&D-019,森本祐介,R&D,senior_researcher,2022-08,351250,52434,60422,116141,347965,2022-08-25,JPY,full_time,CC-004
PAY-2022-08-00160,EMP-HMM-ADM-020,池田愛美,administration,manager,2022-08,349514,39945,51792,100580,340671,2022-08-25,JPY,full_time,CC-001
PAY-2022-09-00161,EMP-KMM-MAN-001,田中太郎,manufacturing,operator,2022-09,325709,20000,32554,88641,289622,2022-09-25,JPY,full_time,CC-005
PAY-2022-09-00162,EMP-KMM-SAL-002,鈴木花子,sales,manager,2022-09,370781,32147,36587,104375,335140,2022-09-25,JPY,full_time,CC-002
PAY-2022-09-00163,EMP-KMM-R&D-003,佐藤健一,R&D,senior_researcher,2022-09,382299,37133,34468,119282,334618,2022-09-25,JPY,full_time,CC-004
PAY-2022-09-00164,EMP-KMM-ADM-004,高橋美咲,administration,manager,2022-09,321528,50037,45108,103679,312994,2022-09-25,JPY,full_time,CC-001
PAY-2022-09-00165,EMP-HTB-MAN-005,渡辺誠,manufacturing,engineer,2022-09,308020,20000,45890,80976,292934,2022-09-25,JPY,full_time,CC-005
PAY-2022-09-00166,EMP-HTB-SAL-006,伊藤陽子,sales,manager,2022-09,389465,77408,41492,135436,372929,2022-09-25,JPY,full_time,CC-002
PAY-2022-09-00167,EMP-HTB-R&D-007,山本大輔,R&D,researcher,2022-09,442621,53915,27387,125652,398271,2022-09-25,JPY,full_time,CC-004
PAY-2022-09-00168,EMP-HTB-ADM-008,中村麻美,administration,staff,2022-09,353697,37363,33679,111665,313074,2022-09-25,JPY,full_time,CC-001
PAY-2022-09-00169,EMP-STM-MAN-009,小林優太,manufacturing,supervisor,2022-09,325596,30801,35686,94483,297600,2022-09-25,JPY,full_time,CC-005
PAY-2022-09-00170,EMP-STM-SAL-010,加藤絵里,sales,manager,2022-09,303207,33789,36958,90974,282980,2022-09-25,JPY,full_time,CC-002
PAY-2022-09-00171,EMP-STM-R&D-011,吉田拓也,R&D,senior_researcher,2022-09,420365,31681,35210,117877,369379,2022-09-25,JPY,full_time,CC-004
PAY-2022-09-00172,EMP-STM-ADM-012,山田真理子,administration,manager,2022-09,376804,33612,52676,118245,344847,2022-09-25,JPY,full_time,CC-001
PAY-2022-09-00173,EMP-SZK-MAN-013,佐々木翔,manufacturing,operator,2022-09,337271,20000,59597,98599,318269,2022-09-25,JPY,full_time,CC-005
PAY-2022-09-00174,EMP-SZK-SAL-014,井上明日香,sales,sales_rep,2022-09,397786,43167,54501,117218,378236,2022-09-25,JPY,full_time,CC-002
PAY-2022-09-00175,EMP-SZK-R&D-015,木村雄一,R&D,senior_researcher,2022-09,358419,48706,57483,98932,365676,2022-09-25,JPY,full_time,CC-004
PAY-2022-09-00176,EMP-SZK-ADM-016,松本由美,administration,manager,2022-09,360773,31291,44369,100411,336022,2022-09-25,JPY,full_time,CC-001
PAY-2022-09-00177,EMP-HMM-MAN-017,林健太郎,manufacturing,operator,2022-09,349211,20000,48106,93859,323458,2022-09-25,JPY,full_time,CC-005
PAY-2022-09-00178,EMP-HMM-SAL-018,清水千尋,sales,sales_rep,2022-09,359251,74472,27721,106879,354565,2022-09-25,JPY,full_time,CC-002
PAY-2022-09-00179,EMP-HMM-R&D-019,森本祐介,R&D,senior_researcher,2022-09,351250,48191,37315,112146,324610,2022-09-25,JPY,full_time,CC-004
PAY-2022-09-00180,EMP-HMM-ADM-020,池田愛美,administration,manager,2022-09,349514,71004,52445,111621,361342,2022-09-25,JPY,full_time,CC-001
PAY-2022-10-00181,EMP-KMM-MAN-001,田中太郎,manufacturing,operator,2022-10,325709,20000,41633,91133,296209,2022-10-25,JPY,full_time,CC-005
PAY-2022-10-00182,EMP-KMM-SAL-002,鈴木花子,sales,manager,2022-10,370781,67020,60595,116145,382251,2022-10-25,JPY,full_time,CC-002
PAY-2022-10-00183,EMP-KMM-R&D-003,佐藤健一,R&D,senior_researcher,2022-10,382299,77872,60119,126771,393519,2022-10-25,JPY,full_time,CC-004
PAY-2022-10-00184,EMP-KMM-ADM-004,高橋美咲,administration,manager,2022-10,321528,34421,58530,88403,326076,2022-10-25,JPY,full_time,CC-001
PAY-2022-10-00185,EMP-HTB-MAN-005,渡辺誠,manufacturing,engineer,2022-10,308020,20000,12267,87888,252399,2022-10-25,JPY,full_time,CC-005
PAY-2022-10-00186,EMP-HTB-SAL-006,伊藤陽子,sales,manager,2022-10,389465,30390,21298,118736,322417,2022-10-25,JPY,full_time,CC-002
PAY-2022-10-00187,EMP-HTB-R&D-007,山本大輔,R&D,researcher,2022-10,442621,42562,44874,132162,397895,2022-10-25,JPY,full_time,CC-004
PAY-2022-10-00188,EMP-HTB-ADM-008,中村麻美,administration,staff,2022-10,353697,35155,56347,108314,336885,2022-10-25,JPY,full_time,CC-001
PAY-2022-10-00189,EMP-STM-MAN-009,小林優太,manufacturing,supervisor,2022-10,325596,31595,33091,96060,294222,2022-10-25,JPY,full_time,CC-005
PAY-2022-10-00190,EMP-STM-SAL-010,加藤絵里,sales,manager,2022-10,303207,64463,37533,100809,304394,2022-10-25,JPY,full_time,CC-002
PAY-2022-10-00191,EMP-STM-R&D-011,吉田拓也,R&D,senior_researcher,2022-10,420365,42672,59397,128501,393933,2022-10-25,JPY,full_time,CC-004
PAY-2022-10-00192,EMP-STM-ADM-012,山田真理子,administration,manager,2022-10,376804,32828,36165,105318,340479,2022-10-25,JPY,full_time,CC-001
PAY-2022-10-00193,EMP-SZK-MAN-013,佐々木翔,manufacturing,operator,2022-10,337271,20566,56437,88302,325972,2022-10-25,JPY,full_time,CC-005
PAY-2022-10-00194,EMP-SZK-SAL-014,井上明日香,sales,sales_rep,2022-10,397786,66538,42372,123079,383617,2022-10-25,JPY,full_time,CC-002
PAY-2022-10-00195,EMP-SZK-R&D-015,木村雄一,R&D,senior_researcher,2022-10,358419,65709,32650,107798,348980,2022-10-25,JPY,full_time,CC-004
PAY-2022-10-00196,EMP-SZK-ADM-016,松本由美,administration,manager,2022-10,360773,76622,53754,120705,370444,2022-10-25,JPY,full_time,CC-001
PAY-2022-10-00197,EMP-HMM-MAN-017,林健太郎,manufacturing,operator,2022-10,349211,20000,52254,100924,320541,2022-10-25,JPY,full_time,CC-005
PAY-2022-10-00198,EMP-HMM-SAL-018,清水千尋,sales,sales_rep,2022-10,359251,46059,28758,105016,329052,2022-10-25,JPY,full_time,CC-002
PAY-2022-10-00199,EMP-HMM-R&D-019,森本祐介,R&D,senior_researcher,2022-10,351250,48438,39489,104994,334183,2022-10-25,JPY,full_time,CC-004
PAY-2022-10-00200,EMP-HMM-ADM-020,池田愛美,administration,manager,2022-10,349514,65656,27390,111522,331038,2022-10-25,JPY,full_time,CC-001
PAY-2022-11-00201,EMP-KMM-MAN-001,田中太郎,manufacturing,operator,2022-11,325709,20000,49827,98192,297344,2022-11-25,JPY,full_time,CC-005
PAY-2022-11-00202,EMP-KMM-SAL-002,鈴木花子,sales,manager,2022-11,370781,75326,27898,119047,354958,2022-11-25,JPY,full_time,CC-002
PAY-2022-11-00203,EMP-KMM-R&D-003,佐藤健一,R&D,senior_researcher,2022-11,382299,58769,38473,115630,363911,2022-11-25,JPY,full_time,CC-004
PAY-2022-11-00204,EMP-KMM-ADM-004,高橋美咲,administration,manager,2022-11,321528,71153,42118,109166,325633,2022-11-25,JPY,full_time,CC-001
PAY-2022-11-00205,EMP-HTB-MAN-005,渡辺誠,manufacturing,engineer,2022-11,308020,20000,22943,81785,269178,2022-11-25,JPY,full_time,CC-005
PAY-2022-11-00206,EMP-HTB-SAL-006,伊藤陽子,sales,manager,2022-11,389465,33963,51868,120110,355186,2022-11-25,JPY,full_time,CC-002
PAY-2022-11-00207,EMP-HTB-R&D-007,山本大輔,R&D,researcher,2022-11,442621,30741,52082,122393,403051,2022-11-25,JPY,full_time,CC-004
PAY-2022-11-00208,EMP-HTB-ADM-008,中村麻美,administration,staff,2022-11,353697,67775,54350,101692,374130,2022-11-25,JPY,full_time,CC-001
PAY-2022-11-00209,EMP-STM-MAN-009,小林優太,manufacturing,supervisor,2022-11,325596,22565,35624,88493,295292,2022-11-25,JPY,full_time,CC-005
PAY-2022-11-00210,EMP-STM-SAL-010,加藤絵里,sales,manager,2022-11,303207,57124,12153,91795,280689,2022-11-25,JPY,full_time,CC-002
PAY-2022-11-00211,EMP-STM-R&D-011,吉田拓也,R&D,senior_researcher,2022-11,420365,32202,51894,111653,392808,2022-11-25,JPY,full_time,CC-004
PAY-2022-11-00212,EMP-STM-ADM-012,山田真理子,administration,manager,2022-11,376804,49624,56152,116738,365842,2022-11-25,JPY,full_time,CC-001
PAY-2022-11-00213,EMP-SZK-MAN-013,佐々木翔,manufacturing,operator,2022-11,337271,20000,28295,86897,298669,2022-11-25,JPY,full_time,CC-005
PAY-2022-11-00214,EMP-SZK-SAL-014,井上明日香,sales,sales_rep,2022-11,397786,67016,41555,116834,389523,2022-11-25,JPY,full_time,CC-002
PAY-2022-11-00215,EMP-SZK-R&D-015,木村雄一,R&D,senior_researcher,2022-11,358419,35443,51671,109944,335589,2022-11-25,JPY,full_time,CC-004
PAY-2022-11-00216,EMP-SZK-ADM-016,松本由美,administration,manager,2022-11,360773,79088,50262,115600,374523,2022-11-25,JPY,full_time,CC-001
PAY-2022-11-00217,EMP-HMM-MAN-017,林健太郎,manufacturing,operator,2022-11,349211,20000,48204,102644,314771,2022-11-25,JPY,full_time,CC-005
PAY-2022-11-00218,EMP-HMM-SAL-018,清水千尋,sales,sales_rep,2022-11,359251,34045,42685,103009,332972,2022-11-25,JPY,full_time,CC-002
PAY-2022-11-00219,EMP-HMM-R&D-019,森本祐介,R&D,senior_researcher,2022-11,351250,51159,55220,107242,350387,2022-11-25,JPY,full_time,CC-004
PAY-2022-11-00220,EMP-HMM-ADM-020,池田愛美,administration,manager,2022-11,349514,31699,37294,93738,324769,2022-11-25,JPY,full_time,CC-001
PAY-2022-12-00221,EMP-KMM-MAN-001,田中太郎,manufacturing,operator,2022-12,325709,20000,40944,92059,294594,2022-12-25,JPY,full_time,CC-005
PAY-2022-12-00222,EMP-KMM-SAL-002,鈴木花子,sales,manager,2022-12,370781,60376,35702,111021,355838,2022-12-25,JPY,full_time,CC-002
PAY-2022-12-00223,EMP-KMM-R&D-003,佐藤健一,R&D,senior_researcher,2022-12,382299,45280,24698,121936,330341,2022-12-25,JPY,full_time,CC-004
PAY-2022-12-00224,EMP-KMM-ADM-004,高橋美咲,administration,manager,2022-12,321528,39380,37442,101264,297086,2022-12-25,JPY,full_time,CC-001
PAY-2022-12-00225,EMP-HTB-MAN-005,渡辺誠,manufacturing,engineer,2022-12,308020,24604,53809,93028,293405,2022-12-25,JPY,full_time,CC-005
PAY-2022-12-00226,EMP-HTB-SAL-006,伊藤陽子,sales,manager,2022-12,389465,43735,34811,111383,356628,2022-12-25,JPY,full_time,CC-002
PAY-2022-12-00227,EMP-HTB-R&D-007,山本大輔,R&D,researcher,2022-12,442621,41663,58369,128369,414284,2022-12-25,JPY,full_time,CC-004
PAY-2022-12-00228,EMP-HTB-ADM-008,中村麻美,administration,staff,2022-12,353697,64555,41385,105775,353862,2022-12-25,JPY,full_time,CC-001
PAY-2022-12-00229,EMP-STM-MAN-009,小林優太,manufacturing,supervisor,2022-12,325596,20000,12707,83521,274782,2022-12-25,JPY,full_time,CC-005
PAY-2022-12-00230,EMP-STM-SAL-010,加藤絵里,sales,manager,2022-12,303207,43654,30549,91579,285831,2022-12-25,JPY,full_time,CC-002
PAY-2022-12-00231,EMP-STM-R&D-011,吉田拓也,R&D,senior_researcher,2022-12,420365,63983,40135,118253,406230,2022-12-25,JPY,full_time,CC-004
PAY-2022-12-00232,EMP-STM-ADM-012,山田真理子,administration,manager,2022-12,376804,71579,62779,123059,388103,2022-12-25,JPY,full_time,CC-001
PAY-2022-12-00233,EMP-SZK-MAN-013,佐々木翔,manufacturing,operator,2022-12,337271,20000,59008,94197,322082,2022-12-25,JPY,full_time,CC-005
PAY-2022-12-00234,EMP-SZK-SAL-014,井上明日香,sales,sales_rep,2022-12,397786,74682,57889,128166,402191,2022-12-25,JPY,full_time,CC-002
PAY-2022-12-00235,EMP-SZK-R&D-015,木村雄一,R&D,senior_researcher,2022-12,358419,66171,31025,107699,347916,2022-12-25,JPY,full_time,CC-004
PAY-2022-12-00236,EMP-SZK-ADM-016,松本由美,administration,manager,2022-12,360773,33376,31784,107220,318713,2022-12-25,JPY,full_time,CC-001
PAY-2022-12-00237,EMP-HMM-MAN-017,林健太郎,manufacturing,operator,2022-12,349211,20000,57252,94987,331476,2022-12-25,JPY,full_time,CC-005
PAY-2022-12-00238,EMP-HMM-SAL-018,清水千尋,sales,sales_rep,2022-12,359251,57600,61964,119181,359634,2022-12-25,JPY,full_time,CC-002
PAY-2022-12-00239,EMP-HMM-R&D-019,森本祐介,R&D,senior_researcher,2022-12,351250,62112,51027,114965,349424,2022-12-25,JPY,full_time,CC-004
PAY-2022-12-00240,EMP-HMM-ADM-020,池田愛美,administration,manager,2022-12,349514,55060,43145,114225,333494,2022-12-25,JPY,full_time,CC-001
PAY-2023-01-00241,EMP-KMM-MAN-001,田中太郎,manufacturing,operator,2023-01,325709,20000,24162,92031,277840,2023-01-25,JPY,full_time,CC-005
PAY-2023-01-00242,EMP-KMM-SAL-002,鈴木花子,sales,manager,2023-01,370781,51091,27251,119763,329360,2023-01-25,JPY,full_time,CC-002
PAY-2023-01-00243,EMP-KMM-R&D-003,佐藤健一,R&D,senior_researcher,2023-01,382299,38170,52848,116225,357092,2023-01-25,JPY,full_time,CC-004
PAY-2023-01-00244,EMP-KMM-ADM-004,高橋美咲,administration,manager,2023-01,321528,46965,28516,98149,298860,2023-01-25,JPY,full_time,CC-001
PAY-2023-01-00245,EMP-HTB-MAN-005,渡辺誠,manufacturing,engineer,2023-01,308020,20000,46915,88181,286754,2023-01-25,JPY,full_time,CC-005
PAY-2023-01-00246,EMP-HTB-SAL-006,伊藤陽子,sales,manager,2023-01,389465,31428,29587,120469,330011,2023-01-25,JPY,full_time,CC-002
PAY-2023-01-00247,EMP-HTB-R&D-007,山本大輔,R&D,researcher,2023-01,442621,61398,52705,126059,430665,2023-01-25,JPY,full_time,CC-004
PAY-2023-01-00248,EMP-HTB-ADM-008,中村麻美,administration,staff,2023-01,353697,73689,14699,122325,319760,2023-01-25,JPY,full_time,CC-001
PAY-2023-01-00249,EMP-STM-MAN-009,小林優太,manufacturing,supervisor,2023-01,325596,20000,59441,97875,307162,2023-01-25,JPY,full_time,CC-005
PAY-2023-01-00250,EMP-STM-SAL-010,加藤絵里,sales,manager,2023-01,303207,64722,26293,104315,289907,2023-01-25,JPY,full_time,CC-002
PAY-2023-01-00251,EMP-STM-R&D-011,吉田拓也,R&D,senior_researcher,2023-01,420365,67788,48516,132790,403879,2023-01-25,JPY,full_time,CC-004
PAY-2023-01-00252,EMP-STM-ADM-012,山田真理子,administration,manager,2023-01,376804,68496,46470,123942,367828,2023-01-25,JPY,full_time,CC-001
PAY-2023-01-00253,EMP-SZK-MAN-013,佐々木翔,manufacturing,operator,2023-01,337271,24635,33796,97639,298063,2023-01-25,JPY,full_time,CC-005
PAY-2023-01-00254,EMP-SZK-SAL-014,井上明日香,sales,sales_rep,2023-01,397786,79954,19492,136236,360996,2023-01-25,JPY,full_time,CC-002
PAY-2023-01-00255,EMP-SZK-R&D-015,木村雄一,R&D,senior_researcher,2023-01,358419,46914,55762,112933,348162,2023-01-25,JPY,full_time,CC-004
PAY-2023-01-00256,EMP-SZK-ADM-016,松本由美,administration,manager,2023-01,360773,53194,31557,103487,342037,2023-01-25,JPY,full_time,CC-001
PAY-2023-01-00257,EMP-HMM-MAN-017,林健太郎,manufacturing,operator,2023-01,349211,20000,61300,101794,328717,2023-01-25,JPY,full_time,CC-005
PAY-2023-01-00258,EMP-HMM-SAL-018,清水千尋,sales,sales_rep,2023-01,359251,34947,53852,108880,339170,2023-01-25,JPY,full_time,CC-002
PAY-2023-01-00259,EMP-HMM-R&D-019,森本祐介,R&D,senior_researcher,2023-01,351250,43278,50614,105831,339311,2023-01-25,JPY,full_time,CC-004
PAY-2023-01-00260,EMP-HMM-ADM-020,池田愛美,administration,manager,2023-01,349514,61415,55779,113721,352987,2023-01-25,JPY,full_time,CC-001
PAY-2023-02-00261,EMP-KMM-MAN-001,田中太郎,manufacturing,operator,2023-02,325709,20000,42589,93364,294934,2023-02-25,JPY,full_time,CC-005
PAY-2023-02-00262,EMP-KMM-SAL-002,鈴木花子,sales,manager,2023-02,370781,76185,51877,121866,376977,2023-02-25,JPY,full_time,CC-002
PAY-2023-02-00263,EMP-KMM-R&D-003,佐藤健一,R&D,senior_researcher,2023-02,382299,64698,43561,116901,373657,2023-02-25,JPY,full_time,CC-004
PAY-2023-02-00264,EMP-KMM-ADM-004,高橋美咲,administration,manager,2023-02,321528,54606,57677,103241,330570,2023-02-25,JPY,full_time,CC-001
PAY-2023-02-00265,EMP-HTB-MAN-005,渡辺誠,manufacturing,engineer,2023-02,308020,20000,46360,90122,284258,2023-02-25,JPY,full_time,CC-005
PAY-2023-02-00266,EMP-HTB-SAL-006,伊藤陽子,sales,manager,2023-02,389465,66305,29882,124920,360732,2023-02-25,JPY,full_time,CC-002
PAY-2023-02-00267,EMP-HTB-R&D-007,山本大輔,R&D,researcher,2023-02,442621,42716,26898,131042,381193,2023-02-25,JPY,full_time,CC-004
PAY-2023-02-00268,EMP-HTB-ADM-008,中村麻美,administration,staff,2023-02,353697,74276,12471,109188,331256,2023-02-25,JPY,full_time,CC-001
PAY-2023-02-00269,EMP-STM-MAN-009,小林優太,manufacturing,supervisor,2023-02,325596,36490,58982,96057,325011,2023-02-25,JPY,full_time,CC-005
PAY-2023-02-00270,EMP-STM-SAL-010,加藤絵里,sales,manager,2023-02,303207,52996,41714,101336,296581,2023-02-25,JPY,full_time,CC-002
PAY-2023-02-00271,EMP-STM-R&D-011,吉田拓也,R&D,senior_researcher,2023-02,420365,65264,54000,135895,403734,2023-02-25,JPY,full_time,CC-004
PAY-2023-02-00272,EMP-STM-ADM-012,山田真理子,administration,manager,2023-02,376804,68090,46941,111042,380793,2023-02-25,JPY,full_time,CC-001
PAY-2023-02-00273,EMP-SZK-MAN-013,佐々木翔,manufacturing,operator,2023-02,337271,20000,66312,91050,332533,2023-02-25,JPY,full_time,CC-005
PAY-2023-02-00274,EMP-SZK-SAL-014,井上明日香,sales,sales_rep,2023-02,397786,73797,58200,133596,396187,2023-02-25,JPY,full_time,CC-002
PAY-2023-02-00275,EMP-SZK-R&D-015,木村雄一,R&D,senior_researcher,2023-02,358419,50778,54958,108936,355219,2023-02-25,JPY,full_time,CC-004
PAY-2023-02-00276,EMP-SZK-ADM-016,松本由美,administration,manager,2023-02,360773,79925,10288,116725,334261,2023-02-25,JPY,full_time,CC-001
PAY-2023-02-00277,EMP-HMM-MAN-017,林健太郎,manufacturing,operator,2023-02,349211,20000,43685,95373,317523,2023-02-25,JPY,full_time,CC-005
PAY-2023-02-00278,EMP-HMM-SAL-018,清水千尋,sales,sales_rep,2023-02,359251,69083,54626,119635,363325,2023-02-25,JPY,full_time,CC-002
PAY-2023-02-00279,EMP-HMM-R&D-019,森本祐介,R&D,senior_researcher,2023-02,351250,30104,54887,105198,331043,2023-02-25,JPY,full_time,CC-004
PAY-2023-02-00280,EMP-HMM-ADM-020,池田愛美,administration,manager,2023-02,349514,42619,32227,104035,320325,2023-02-25,JPY,full_time,CC-001
PAY-2023-03-00281,EMP-KMM-MAN-001,田中太郎,manufacturing,operator,2023-03,325709,20000,62354,87233,320830,2023-03-25,JPY,full_time,CC-005
PAY-2023-03-00282,EMP-KMM-SAL-002,鈴木花子,sales,manager,2023-03,370781,45990,59678,102152,374297,2023-03-25,JPY,full_time,CC-002
PAY-2023-03-00283,EMP-KMM-R&D-003,佐藤健一,R&D,senior_researcher,2023-03,382299,37876,42889,116041,347023,2023-03-25,JPY,full_time,CC-004
PAY-2023-03-00284,EMP-KMM-ADM-004,高橋美咲,administration,manager,2023-03,321528,59958,40651,97519,324618,2023-03-25,JPY,full_time,CC-001
PAY-2023-03-00285,EMP-HTB-MAN-005,渡辺誠,manufacturing,engineer,2023-03,308020,20000,43843,91547,280316,2023-03-25,JPY,full_time,CC-005
PAY-2023-03-00286,EMP-HTB-SAL-006,伊藤陽子,sales,manager,2023-03,389465,78137,45097,132380,380319,2023-03-25,JPY,full_time,CC-002
PAY-2023-03-00287,EMP-HTB-R&D-007,山本大輔,R&D,researcher,2023-03,442621,71151,19476,126406,406842,2023-03-25,JPY,full_time,CC-004
PAY-2023-03-00288,EMP-HTB-ADM-008,中村麻美,administration,staff,2023-03,353697,78040,51763,121419,362081,2023-03-25,JPY,full_time,CC-001
PAY-2023-03-00289,EMP-STM-MAN-009,小林優太,manufacturing,supervisor,2023-03,325596,20000,38948,95232,289312,2023-03-25,JPY,full_time,CC-005
PAY-2023-03-00290,EMP-STM-SAL-010,加藤絵里,sales,manager,2023-03,303207,52650,56766,95232,317391,2023-03-25,JPY,full_time,CC-002
PAY-2023-03-00291,EMP-STM-R&D-011,吉田拓也,R&D,senior_researcher,2023-03,420365,49227,29009,134137,364464,2023-03-25,JPY,full_time,CC-004
PAY-2023-03-00292,EMP-STM-ADM-012,山田真理子,administration,manager,2023-03,376804,65213,60286,128812,373491,2023-03-25,JPY,full_time,CC-001
PAY-2023-03-00293,EMP-SZK-MAN-013,佐々木翔,manufacturing,operator,2023-03,337271,29693,36450,93056,310358,2023-03-25,JPY,full_time,CC-005
PAY-2023-03-00294,EMP-SZK-SAL-014,井上明日香,sales,sales_rep,2023-03,397786,63943,53533,120999,394263,2023-03-25,JPY,full_time,CC-002
PAY-2023-03-00295,EMP-SZK-R&D-015,木村雄一,R&D,senior_researcher,2023-03,358419,31236,11950,106575,295030,2023-03-25,JPY,full_time,CC-004
PAY-2023-03-00296,EMP-SZK-ADM-016,松本由美,administration,manager,2023-03,360773,45885,25327,109137,322848,2023-03-25,JPY,full_time,CC-001
PAY-2023-03-00297,EMP-HMM-MAN-017,林健太郎,manufacturing,operator,2023-03,349211,20000,54119,92138,331192,2023-03-25,JPY,full_time,CC-005
PAY-2023-03-00298,EMP-HMM-SAL-018,清水千尋,sales,sales_rep,2023-03,359251,63101,33208,117314,338246,2023-03-25,JPY,full_time,CC-002
PAY-2023-03-00299,EMP-HMM-R&D-019,森本祐介,R&D,senior_researcher,2023-03,351250,57006,29964,104805,333415,2023-03-25,JPY,full_time,CC-004
PAY-2023-03-00300,EMP-HMM-ADM-020,池田愛美,administration,manager,2023-03,349514,79058,53869,115080,367361,2023-03-25,JPY,full_time,CC-001
PAY-2023-04-00301,EMP-KMM-MAN-001,田中太郎,manufacturing,operator,2023-04,325709,20000,52147,97386,300470,2023-04-25,JPY,full_time,CC-005
PAY-2023-04-00302,EMP-KMM-SAL-002,鈴木花子,sales,manager,2023-04,370781,65114,35088,119028,351955,2023-04-25,JPY,full_time,CC-002
PAY-2023-04-00303,EMP-KMM-R&D-003,佐藤健一,R&D,senior_researcher,2023-04,382299,69978,39761,117586,374452,2023-04-25,JPY,full_time,CC-004
PAY-2023-04-00304,EMP-KMM-ADM-004,高橋美咲,administration,manager,2023-04,321528,42880,35428,95390,304446,2023-04-25,JPY,full_time,CC-001
PAY-2023-04-00305,EMP-HTB-MAN-005,渡辺誠,manufacturing,engineer,2023-04,308020,20000,40335,85745,282610,2023-04-25,JPY,full_time,CC-005
PAY-2023-04-00306,EMP-HTB-SAL-006,伊藤陽子,sales,manager,2023-04,389465,67524,49053,111786,394256,2023-04-25,JPY,full_time,CC-002
PAY-2023-04-00307,EMP-HTB-R&D-007,山本大輔,R&D,researcher,2023-04,442621,64544,51573,122266,436472,2023-04-25,JPY,full_time,CC-004
PAY-2023-04-00308,EMP-HTB-ADM-008,中村麻美,administration,staff,2023-04,353697,57690,33480,103076,341791,2023-04-25,JPY,full_time,CC-001
PAY-2023-04-00309,EMP-STM-MAN-009,小林優太,manufacturing,supervisor,2023-04,325596,24835,59242,88173,321500,2023-04-25,JPY,full_time,CC-005
PAY-2023-04-00310,EMP-STM-SAL-010,加藤絵里,sales,manager,2023-04,303207,68921,28914,102460,298582,2023-04-25,JPY,full_time,CC-002
PAY-2023-04-00311,EMP-STM-R&D-011,吉田拓也,R&D,senior_researcher,2023-04,420365,41608,60171,133363,388781,2023-04-25,JPY,full_time,CC-004
PAY-2023-04-00312,EMP-STM-ADM-012,山田真理子,administration,manager,2023-04,376804,64220,58444,125700,373768,2023-04-25,JPY,full_time,CC-001
PAY-2023-04-00313,EMP-SZK-MAN-013,佐々木翔,manufacturing,operator,2023-04,337271,20000,32858,101199,288930,2023-04-25,JPY,full_time,CC-005
PAY-2023-04-00314,EMP-SZK-SAL-014,井上明日香,sales,sales_rep,2023-04,397786,62002,49166,133214,375740,2023-04-25,JPY,full_time,CC-002
PAY-2023-04-00315,EMP-SZK-R&D-015,木村雄一,R&D,senior_researcher,2023-04,358419,58406,41201,115870,342156,2023-04-25,JPY,full_time,CC-004
PAY-2023-04-00316,EMP-SZK-ADM-016,松本由美,administration,manager,2023-04,360773,40063,35647,108251,328232,2023-04-25,JPY,full_time,CC-001
PAY-2023-04-00317,EMP-HMM-MAN-017,林健太郎,manufacturing,operator,2023-04,349211,20000,40534,106990,302755,2023-04-25,JPY,full_time,CC-005
PAY-2023-04-00318,EMP-HMM-SAL-018,清水千尋,sales,sales_rep,2023-04,359251,61787,53533,110383,364188,2023-04-25,JPY,full_time,CC-002
PAY-2023-04-00319,EMP-HMM-R&D-019,森本祐介,R&D,senior_researcher,2023-04,351250,62228,12596,113435,312639,2023-04-25,JPY,full_time,CC-004
PAY-2023-04-00320,EMP-HMM-ADM-020,池田愛美,administration,manager,2023-04,349514,55466,38280,108886,334374,2023-04-25,JPY,full_time,CC-001
PAY-2023-05-00321,EMP-KMM-MAN-001,田中太郎,manufacturing,operator,2023-05,325709,20000,35368,95391,285686,2023-05-25,JPY,full_time,CC-005
PAY-2023-05-00322,EMP-KMM-SAL-002,鈴木花子,sales,manager,2023-05,370781,66166,11091,122229,325809,2023-05-25,JPY,full_time,CC-002
PAY-2023-05-00323,EMP-KMM-R&D-003,佐藤健一,R&D,senior_researcher,2023-05,382299,48905,48599,112251,367552,2023-05-25,JPY,full_time,CC-004
PAY-2023-05-00324,EMP-KMM-ADM-004,高橋美咲,administration,manager,2023-05,321528,35994,52145,94213,315454,2023-05-25,JPY,full_time,CC-001
PAY-2023-05-00325,EMP-HTB-MAN-005,渡辺誠,manufacturing,engineer,2023-05,308020,25663,43524,93982,283225,2023-05-25,JPY,full_time,CC-005
PAY-2023-05-00326,EMP-HTB-SAL-006,伊藤陽子,sales,manager,2023-05,389465,39129,42644,112731,358507,2023-05-25,JPY,full_time,CC-002
PAY-2023-05-00327,EMP-HTB-R&D-007,山本大輔,R&D,researcher,2023-05,442621,72629,58752,131277,442725,2023-05-25,JPY,full_time,CC-004
PAY-2023-05-00328,EMP-HTB-ADM-008,中村麻美,administration,staff,2023-05,353697,59497,59613,111357,361450,2023-05-25,JPY,full_time,CC-001
PAY-2023-05-00329,EMP-STM-MAN-009,小林優太,manufacturing,supervisor,2023-05,325596,20000,55360,99121,301835,2023-05-25,JPY,full_time,CC-005
PAY-2023-05-00330,EMP-STM-SAL-010,加藤絵里,sales,manager,2023-05,303207,76752,16381,101154,295186,2023-05-25,JPY,full_time,CC-002
PAY-2023-05-00331,EMP-STM-R&D-011,吉田拓也,R&D,senior_researcher,2023-05,420365,78358,38585,144336,392972,2023-05-25,JPY,full_time,CC-004
PAY-2023-05-00332,EMP-STM-ADM-012,山田真理子,administration,manager,2023-05,376804,56638,31378,124297,340523,2023-05-25,JPY,full_time,CC-001
PAY-2023-05-00333,EMP-SZK-MAN-013,佐々木翔,manufacturing,operator,2023-05,337271,29064,36442,101514,301263,2023-05-25,JPY,full_time,CC-005
PAY-2023-05-00334,EMP-SZK-SAL-014,井上明日香,sales,sales_rep,2023-05,397786,45409,18375,111324,350246,2023-05-25,JPY,full_time,CC-002
PAY-2023-05-00335,EMP-SZK-R&D-015,木村雄一,R&D,senior_researcher,2023-05,358419,35973,37704,105947,326149,2023-05-25,JPY,full_time,CC-004
PAY-2023-05-00336,EMP-SZK-ADM-016,松本由美,administration,manager,2023-05,360773,39248,36405,98430,337996,2023-05-25,JPY,full_time,CC-001
PAY-2023-05-00337,EMP-HMM-MAN-017,林健太郎,manufacturing,operator,2023-05,349211,20000,55918,97665,327464,2023-05-25,JPY,full_time,CC-005
PAY-2023-05-00338,EMP-HMM-SAL-018,清水千尋,sales,sales_rep,2023-05,359251,45445,35086,102089,337693,2023-05-25,JPY,full_time,CC-002
PAY-2023-05-00339,EMP-HMM-R&D-019,森本祐介,R&D,senior_researcher,2023-05,351250,49351,36888,112345,325144,2023-05-25,JPY,full_time,CC-004
PAY-2023-05-00340,EMP-HMM-ADM-020,池田愛美,administration,manager,2023-05,349514,31897,43605,97192,327824,2023-05-25,JPY,full_time,CC-001
PAY-2023-06-00341,EMP-KMM-MAN-001,田中太郎,manufacturing,operator,2023-06,325709,20900,18417,93350,271676,2023-06-25,JPY,full_time,CC-005
PAY-2023-06-00342,EMP-KMM-SAL-002,鈴木花子,sales,manager,2023-06,370781,75333,13685,122337,337462,2023-06-25,JPY,full_time,CC-002
PAY-2023-06-00343,EMP-KMM-R&D-003,佐藤健一,R&D,senior_researcher,2023-06,382299,31101,55274,108586,360088,2023-06-25,JPY,full_time,CC-004
PAY-2023-06-00344,EMP-KMM-ADM-004,高橋美咲,administration,manager,2023-06,321528,75384,39464,110040,326336,2023-06-25,JPY,full_time,CC-001
PAY-2023-06-00345,EMP-HTB-MAN-005,渡辺誠,manufacturing,engineer,2023-06,308020,20000,14500,81086,261434,2023-06-25,JPY,full_time,CC-005
PAY-2023-06-00346,EMP-HTB-SAL-006,伊藤陽子,sales,manager,2023-06,389465,31386,56616,109628,367839,2023-06-25,JPY,full_time,CC-002
PAY-2023-06-00347,EMP-HTB-R&D-007,山本大輔,R&D,researcher,2023-06,442621,47691,29208,123930,395590,2023-06-25,JPY,full_time,CC-004
PAY-2023-06-00348,EMP-HTB-ADM-008,中村麻美,administration,staff,2023-06,353697,42890,41547,111645,326489,2023-06-25,JPY,full_time,CC-001
PAY-2023-06-00349,EMP-STM-MAN-009,小林優太,manufacturing,supervisor,2023-06,325596,20000,34597,89330,290863,2023-06-25,JPY,full_time,CC-005
PAY-2023-06-00350,EMP-STM-SAL-010,加藤絵里,sales,manager,2023-06,303207,73501,53721,107168,323261,2023-06-25,JPY,full_time,CC-002
PAY-2023-06-00351,EMP-STM-R&D-011,吉田拓也,R&D,senior_researcher,2023-06,420365,58961,49510,132398,396438,2023-06-25,JPY,full_time,CC-004
PAY-2023-06-00352,EMP-STM-ADM-012,山田真理子,administration,manager,2023-06,376804,40081,61386,119577,358694,2023-06-25,JPY,full_time,CC-001
PAY-2023-06-00353,EMP-SZK-MAN-013,佐々木翔,manufacturing,operator,2023-06,337271,20000,37976,96855,298392,2023-06-25,JPY,full_time,CC-005
PAY-2023-06-00354,EMP-SZK-SAL-014,井上明日香,sales,sales_rep,2023-06,397786,73039,10339,128191,352973,2023-06-25,JPY,full_time,CC-002
PAY-2023-06-00355,EMP-SZK-R&D-015,木村雄一,R&D,senior_researcher,2023-06,358419,60431,63979,112707,370122,2023-06-25,JPY,full_time,CC-004
PAY-2023-06-00356,EMP-SZK-ADM-016,松本由美,administration,manager,2023-06,360773,60945,29597,105673,345642,2023-06-25,JPY,full_time,CC-001
PAY-2023-06-00357,EMP-HMM-MAN-017,林健太郎,manufacturing,operator,2023-06,349211,20000,61119,97831,332499,2023-06-25,JPY,full_time,CC-005
PAY-2023-06-00358,EMP-HMM-SAL-018,清水千尋,sales,sales_rep,2023-06,359251,37896,33056,98136,332067,2023-06-25,JPY,full_time,CC-002
PAY-2023-06-00359,EMP-HMM-R&D-019,森本祐介,R&D,senior_researcher,2023-06,351250,58387,47507,113478,343666,2023-06-25,JPY,full_time,CC-004
PAY-2023-06-00360,EMP-HMM-ADM-020,池田愛美,administration,manager,2023-06,349514,59879,50642,113335,346700,2023-06-25,JPY,full_time,CC-001
PAY-2023-07-00361,EMP-KMM-MAN-001,田中太郎,manufacturing,operator,2023-07,325709,20000,19647,91901,273455,2023-07-25,JPY,full_time,CC-005
PAY-2023-07-00362,EMP-KMM-SAL-002,鈴木花子,sales,manager,2023-07,370781,53371,49501,112674,360979,2023-07-25,JPY,full_time,CC-002
PAY-2023-07-00363,EMP-KMM-R&D-003,佐藤健一,R&D,senior_researcher,2023-07,382299,36924,59387,106467,372143,2023-07-25,JPY,full_time,CC-004
PAY-2023-07-00364,EMP-KMM-ADM-004,高橋美咲,administration,manager,2023-07,321528,42975,40636,98364,306775,2023-07-25,JPY,full_time,CC-001
PAY-2023-07-00365,EMP-HTB-MAN-005,渡辺誠,manufacturing,engineer,2023-07,308020,20000,50558,91034,287544,2023-07-25,JPY,full_time,CC-005
PAY-2023-07-00366,EMP-HTB-SAL-006,伊藤陽子,sales,manager,2023-07,389465,62407,54630,116652,389850,2023-07-25,JPY,full_time,CC-002
PAY-2023-07-00367,EMP-HTB-R&D-007,山本大輔,R&D,researcher,2023-07,442621,58007,51247,128275,423600,2023-07-25,JPY,full_time,CC-004
PAY-2023-07-00368,EMP-HTB-ADM-008,中村麻美,administration,staff,2023-07,353697,44945,11357,98186,311813,2023-07-25,JPY,full_time,CC-001
PAY-2023-07-00369,EMP-STM-MAN-009,小林優太,manufacturing,supervisor,2023-07,325596,25940,40119,103050,288605,2023-07-25,JPY,full_time,CC-005
PAY-2023-07-00370,EMP-STM-SAL-010,加藤絵里,sales,manager,2023-07,303207,34267,44955,88587,293842,2023-07-25,JPY,full_time,CC-002
PAY-2023-07-00371,EMP-STM-R&D-011,吉田拓也,R&D,senior_researcher,2023-07,420365,33055,57783,125098,386105,2023-07-25,JPY,full_time,CC-004
PAY-2023-07-00372,EMP-STM-ADM-012,山田真理子,administration,manager,2023-07,376804,47092,37414,112392,348918,2023-07-25,JPY,full_time,CC-001
PAY-2023-07-00373,EMP-SZK-MAN-013,佐々木翔,manufacturing,operator,2023-07,337271,26652,58377,100378,321922,2023-07-25,JPY,full_time,CC-005
PAY-2023-07-00374,EMP-SZK-SAL-014,井上明日香,sales,sales_rep,2023-07,397786,70905,37529,129022,377198,2023-07-25,JPY,full_time,CC-002
PAY-2023-07-00375,EMP-SZK-R&D-015,木村雄一,R&D,senior_researcher,2023-07,358419,77442,37819,113761,359919,2023-07-25,JPY,full_time,CC-004
PAY-2023-07-00376,EMP-SZK-ADM-016,松本由美,administration,manager,2023-07,360773,32709,12351,104774,301059,2023-07-25,JPY,full_time,CC-001
PAY-2023-07-00377,EMP-HMM-MAN-017,林健太郎,manufacturing,operator,2023-07,349211,20000,50098,95755,323554,2023-07-25,JPY,full_time,CC-005
PAY-2023-07-00378,EMP-HMM-SAL-018,清水千尋,sales,sales_rep,2023-07,359251,78023,55561,115525,377310,2023-07-25,JPY,full_time,CC-002
PAY-2023-07-00379,EMP-HMM-R&D-019,森本祐介,R&D,senior_researcher,2023-07,351250,72512,55114,110900,367976,2023-07-25,JPY,full_time,CC-004
PAY-2023-07-00380,EMP-HMM-ADM-020,池田愛美,administration,manager,2023-07,349514,31830,57132,104509,333967,2023-07-25,JPY,full_time,CC-001
PAY-2023-08-00381,EMP-KMM-MAN-001,田中太郎,manufacturing,operator,2023-08,325709,20000,48864,99125,295448,2023-08-25,JPY,full_time,CC-005
PAY-2023-08-00382,EMP-KMM-SAL-002,鈴木花子,sales,manager,2023-08,370781,44486,15648,115589,315326,2023-08-25,JPY,full_time,CC-002
PAY-2023-08-00383,EMP-KMM-R&D-003,佐藤健一,R&D,senior_researcher,2023-08,382299,43116,50304,106883,368836,2023-08-25,JPY,full_time,CC-004
PAY-2023-08-00384,EMP-KMM-ADM-004,高橋美咲,administration,manager,2023-08,321528,68538,41896,96628,335334,2023-08-25,JPY,full_time,CC-001
PAY-2023-08-00385,EMP-HTB-MAN-005,渡辺誠,manufacturing,engineer,2023-08,308020,24190,47395,86519,293086,2023-08-25,JPY,full_time,CC-005
PAY-2023-08-00386,EMP-HTB-SAL-006,伊藤陽子,sales,manager,2023-08,389465,73273,64899,130555,397082,2023-08-25,JPY,full_time,CC-002
PAY-2023-08-00387,EMP-HTB-R&D-007,山本大輔,R&D,researcher,2023-08,442621,56113,46491,131693,413532,2023-08-25,JPY,full_time,CC-004
PAY-2023-08-00388,EMP-HTB-ADM-008,中村麻美,administration,staff,2023-08,353697,61714,23176,107819,330768,2023-08-25,JPY,full_time,CC-001
PAY-2023-08-00389,EMP-STM-MAN-009,小林優太,manufacturing,supervisor,2023-08,325596,27771,37879,94805,296441,2023-08-25,JPY,full_time,CC-005
PAY-2023-08-00390,EMP-STM-SAL-010,加藤絵里,sales,manager,2023-08,303207,30209,18596,93120,258892,2023-08-25,JPY,full_time,CC-002
PAY-2023-08-00391,EMP-STM-R&D-011,吉田拓也,R&D,senior_researcher,2023-08,420365,39399,31270,121441,369593,2023-08-25,JPY,full_time,CC-004
PAY-2023-08-00392,EMP-STM-ADM-012,山田真理子,administration,manager,2023-08,376804,54333,49436,110269,370304,2023-08-25,JPY,full_time,CC-001
PAY-2023-08-00393,EMP-SZK-MAN-013,佐々木翔,manufacturing,operator,2023-08,337271,20000,11053,90563,277761,2023-08-25,JPY,full_time,CC-005
PAY-2023-08-00394,EMP-SZK-SAL-014,井上明日香,sales,sales_rep,2023-08,397786,46486,43035,117446,369861,2023-08-25,JPY,full_time,CC-002
PAY-2023-08-00395,EMP-SZK-R&D-015,木村雄一,R&D,senior_researcher,2023-08,358419,35318,40232,101187,332782,2023-08-25,JPY,full_time,CC-004
PAY-2023-08-00396,EMP-SZK-ADM-016,松本由美,administration,manager,2023-08,360773,75095,31215,114775,352308,2023-08-25,JPY,full_time,CC-001
PAY-2023-08-00397,EMP-HMM-MAN-017,林健太郎,manufacturing,operator,2023-08,349211,20000,38064,101119,306156,2023-08-25,JPY,full_time,CC-005
PAY-2023-08-00398,EMP-HMM-SAL-018,清水千尋,sales,sales_rep,2023-08,359251,60153,19912,115077,324239,2023-08-25,JPY,full_time,CC-002
PAY-2023-08-00399,EMP-HMM-R&D-019,森本祐介,R&D,senior_researcher,2023-08,351250,61173,44179,99838,356764,2023-08-25,JPY,full_time,CC-004
PAY-2023-08-00400,EMP-HMM-ADM-020,池田愛美,administration,manager,2023-08,349514,41765,10682,107365,294596,2023-08-25,JPY,full_time,CC-001
PAY-2023-09-00401,EMP-KMM-MAN-001,田中太郎,manufacturing,operator,2023-09,325709,20000,23700,100531,268878,2023-09-25,JPY,full_time,CC-005
PAY-2023-09-00402,EMP-KMM-SAL-002,鈴木花子,sales,manager,2023-09,370781,58865,38210,117377,350479,2023-09-25,JPY,full_time,CC-002
PAY-2023-09-00403,EMP-KMM-R&D-003,佐藤健一,R&D,senior_researcher,2023-09,382299,34001,31965,113467,334798,2023-09-25,JPY,full_time,CC-004
PAY-2023-09-00404,EMP-KMM-ADM-004,高橋美咲,administration,manager,2023-09,321528,40421,63176,94024,331101,2023-09-25,JPY,full_time,CC-001
PAY-2023-09-00405,EMP-HTB-MAN-005,渡辺誠,manufacturing,engineer,2023-09,308020,20000,26917,85737,269200,2023-09-25,JPY,full_time,CC-005
PAY-2023-09-00406,EMP-HTB-SAL-006,伊藤陽子,sales,manager,2023-09,389465,39968,26128,119741,335820,2023-09-25,JPY,full_time,CC-002
PAY-2023-09-00407,EMP-HTB-R&D-007,山本大輔,R&D,researcher,2023-09,442621,55739,59403,130867,426896,2023-09-25,JPY,full_time,CC-004
PAY-2023-09-00408,EMP-HTB-ADM-008,中村麻美,administration,staff,2023-09,353697,69691,12764,112265,323887,2023-09-25,JPY,full_time,CC-001
PAY-2023-09-00409,EMP-STM-MAN-009,小林優太,manufacturing,supervisor,2023-09,325596,23484,19558,94678,273960,2023-09-25,JPY,full_time,CC-005
PAY-2023-09-00410,EMP-STM-SAL-010,加藤絵里,sales,manager,2023-09,303207,50665,41332,102296,292908,2023-09-25,JPY,full_time,CC-002
PAY-2023-09-00411,EMP-STM-R&D-011,吉田拓也,R&D,senior_researcher,2023-09,420365,42090,39145,131911,369689,2023-09-25,JPY,full_time,CC-004
PAY-2023-09-00412,EMP-STM-ADM-012,山田真理子,administration,manager,2023-09,376804,35376,61282,112866,360596,2023-09-25,JPY,full_time,CC-001
PAY-2023-09-00413,EMP-SZK-MAN-013,佐々木翔,manufacturing,operator,2023-09,337271,20000,53240,99965,310546,2023-09-25,JPY,full_time,CC-005
PAY-2023-09-00414,EMP-SZK-SAL-014,井上明日香,sales,sales_rep,2023-09,397786,49401,61502,119775,388914,2023-09-25,JPY,full_time,CC-002
PAY-2023-09-00415,EMP-SZK-R&D-015,木村雄一,R&D,senior_researcher,2023-09,358419,53634,62164,112419,361798,2023-09-25,JPY,full_time,CC-004
PAY-2023-09-00416,EMP-SZK-ADM-016,松本由美,administration,manager,2023-09,360773,43740,47429,97833,354109,2023-09-25,JPY,full_time,CC-001
PAY-2023-09-00417,EMP-HMM-MAN-017,林健太郎,manufacturing,operator,2023-09,349211,20000,53247,94685,327773,2023-09-25,JPY,full_time,CC-005
PAY-2023-09-00418,EMP-HMM-SAL-018,清水千尋,sales,sales_rep,2023-09,359251,44321,43492,105473,341591,2023-09-25,JPY,full_time,CC-002
PAY-2023-09-00419,EMP-HMM-R&D-019,森本祐介,R&D,senior_researcher,2023-09,351250,62926,60574,106692,368058,2023-09-25,JPY,full_time,CC-004
PAY-2023-09-00420,EMP-HMM-ADM-020,池田愛美,administration,manager,2023-09,349514,77086,46397,103839,369158,2023-09-25,JPY,full_time,CC-001
PAY-2023-10-00421,EMP-KMM-MAN-001,田中太郎,manufacturing,operator,2023-10,325709,20000,26127,91104,280732,2023-10-25,JPY,full_time,CC-005
PAY-2023-10-00422,EMP-KMM-SAL-002,鈴木花子,sales,manager,2023-10,370781,38504,44153,112484,340954,2023-10-25,JPY,full_time,CC-002
PAY-2023-10-00423,EMP-KMM-R&D-003,佐藤健一,R&D,senior_researcher,2023-10,382299,43706,57005,115202,367808,2023-10-25,JPY,full_time,CC-004
PAY-2023-10-00424,EMP-KMM-ADM-004,高橋美咲,administration,manager,2023-10,321528,59764,58229,100602,338919,2023-10-25,JPY,full_time,CC-001
PAY-2023-10-00425,EMP-HTB-MAN-005,渡辺誠,manufacturing,engineer,2023-10,308020,22785,40472,89008,282269,2023-10-25,JPY,full_time,CC-005
PAY-2023-10-00426,EMP-HTB-SAL-006,伊藤陽子,sales,manager,2023-10,389465,66156,38586,114230,379977,2023-10-25,JPY,full_time,CC-002
PAY-2023-10-00427,EMP-HTB-R&D-007,山本大輔,R&D,researcher,2023-10,442621,53328,57372,119682,433639,2023-10-25,JPY,full_time,CC-004
PAY-2023-10-00428,EMP-HTB-ADM-008,中村麻美,administration,staff,2023-10,353697,47281,33851,102295,332534,2023-10-25,JPY,full_time,CC-001
PAY-2023-10-00429,EMP-STM-MAN-009,小林優太,manufacturing,supervisor,2023-10,325596,20000,14362,93336,266622,2023-10-25,JPY,full_time,CC-005
PAY-2023-10-00430,EMP-STM-SAL-010,加藤絵里,sales,manager,2023-10,303207,68038,44320,105820,309745,2023-10-25,JPY,full_time,CC-002
PAY-2023-10-00431,EMP-STM-R&D-011,吉田拓也,R&D,senior_researcher,2023-10,420365,78005,48608,138823,408155,2023-10-25,JPY,full_time,CC-004
PAY-2023-10-00432,EMP-STM-ADM-012,山田真理子,administration,manager,2023-10,376804,58081,44210,124579,354516,2023-10-25,JPY,full_time,CC-001
PAY-2023-10-00433,EMP-SZK-MAN-013,佐々木翔,manufacturing,operator,2023-10,337271,35711,47225,98029,322178,2023-10-25,JPY,full_time,CC-005
PAY-2023-10-00434,EMP-SZK-SAL-014,井上明日香,sales,sales_rep,2023-10,397786,51874,43899,119540,374019,2023-10-25,JPY,full_time,CC-002
PAY-2023-10-00435,EMP-SZK-R&D-015,木村雄一,R&D,senior_researcher,2023-10,358419,30109,45674,96422,337780,2023-10-25,JPY,full_time,CC-004
PAY-2023-10-00436,EMP-SZK-ADM-016,松本由美,administration,manager,2023-10,360773,68344,13680,116003,326794,2023-10-25,JPY,full_time,CC-001
PAY-2023-10-00437,EMP-HMM-MAN-017,林健太郎,manufacturing,operator,2023-10,349211,20000,55757,108425,316543,2023-10-25,JPY,full_time,CC-005
PAY-2023-10-00438,EMP-HMM-SAL-018,清水千尋,sales,sales_rep,2023-10,359251,74527,35055,110817,358016,2023-10-25,JPY,full_time,CC-002
PAY-2023-10-00439,EMP-HMM-R&D-019,森本祐介,R&D,senior_researcher,2023-10,351250,61502,54798,118471,349079,2023-10-25,JPY,full_time,CC-004
PAY-2023-10-00440,EMP-HMM-ADM-020,池田愛美,administration,manager,2023-10,349514,40692,15100,101432,303874,2023-10-25,JPY,full_time,CC-001
PAY-2023-11-00441,EMP-KMM-MAN-001,田中太郎,manufacturing,operator,2023-11,325709,20000,49736,86002,309443,2023-11-25,JPY,full_time,CC-005
PAY-2023-11-00442,EMP-KMM-SAL-002,鈴木花子,sales,manager,2023-11,370781,59070,52904,111655,371100,2023-11-25,JPY,full_time,CC-002
PAY-2023-11-00443,EMP-KMM-R&D-003,佐藤健一,R&D,senior_researcher,2023-11,382299,63222,38508,118775,365254,2023-11-25,JPY,full_time,CC-004
PAY-2023-11-00444,EMP-KMM-ADM-004,高橋美咲,administration,manager,2023-11,321528,32411,29294,99532,283701,2023-11-25,JPY,full_time,CC-001
PAY-2023-11-00445,EMP-HTB-MAN-005,渡辺誠,manufacturing,engineer,2023-11,308020,22645,48917,82668,296914,2023-11-25,JPY,full_time,CC-005
PAY-2023-11-00446,EMP-HTB-SAL-006,伊藤陽子,sales,manager,2023-11,389465,71231,26838,130879,356655,2023-11-25,JPY,full_time,CC-002
PAY-2023-11-00447,EMP-HTB-R&D-007,山本大輔,R&D,researcher,2023-11,442621,47825,43443,134327,399562,2023-11-25,JPY,full_time,CC-004
PAY-2023-11-00448,EMP-HTB-ADM-008,中村麻美,administration,staff,2023-11,353697,43621,62107,107019,352406,2023-11-25,JPY,full_time,CC-001
PAY-2023-11-00449,EMP-STM-MAN-009,小林優太,manufacturing,supervisor,2023-11,325596,20000,31208,97104,279700,2023-11-25,JPY,full_time,CC-005
PAY-2023-11-00450,EMP-STM-SAL-010,加藤絵里,sales,manager,2023-11,303207,41415,44327,82610,306339,2023-11-25,JPY,full_time,CC-002
PAY-2023-11-00451,EMP-STM-R&D-011,吉田拓也,R&D,senior_researcher,2023-11,420365,79689,56498,128985,427567,2023-11-25,JPY,full_time,CC-004
PAY-2023-11-00452,EMP-STM-ADM-012,山田真理子,administration,manager,2023-11,376804,53652,29642,109214,350884,2023-11-25,JPY,full_time,CC-001
PAY-2023-11-00453,EMP-SZK-MAN-013,佐々木翔,manufacturing,operator,2023-11,337271,31003,29699,89588,308385,2023-11-25,JPY,full_time,CC-005
PAY-2023-11-00454,EMP-SZK-SAL-014,井上明日香,sales,sales_rep,2023-11,397786,61365,26891,132679,353363,2023-11-25,JPY,full_time,CC-002
PAY-2023-11-00455,EMP-SZK-R&D-015,木村雄一,R&D,senior_researcher,2023-11,358419,60787,11658,112685,318179,2023-11-25,JPY,full_time,CC-004
PAY-2023-11-00456,EMP-SZK-ADM-016,松本由美,administration,manager,2023-11,360773,73233,15145,127760,321391,2023-11-25,JPY,full_time,CC-001
PAY-2023-11-00457,EMP-HMM-MAN-017,林健太郎,manufacturing,operator,2023-11,349211,20000,58378,96178,331411,2023-11-25,JPY,full_time,CC-005
PAY-2023-11-00458,EMP-HMM-SAL-018,清水千尋,sales,sales_rep,2023-11,359251,60990,60633,109329,371545,2023-11-25,JPY,full_time,CC-002
PAY-2023-11-00459,EMP-HMM-R&D-019,森本祐介,R&D,senior_researcher,2023-11,351250,51930,10007,106851,306336,2023-11-25,JPY,full_time,CC-004
PAY-2023-11-00460,EMP-HMM-ADM-020,池田愛美,administration,manager,2023-11,349514,41645,53734,99043,345850,2023-11-25,JPY,full_time,CC-001
PAY-2023-12-00461,EMP-KMM-MAN-001,田中太郎,manufacturing,operator,2023-12,325709,20000,15802,91935,269576,2023-12-25,JPY,full_time,CC-005
PAY-2023-12-00462,EMP-KMM-SAL-002,鈴木花子,sales,manager,2023-12,370781,58349,57179,120704,365605,2023-12-25,JPY,full_time,CC-002
PAY-2023-12-00463,EMP-KMM-R&D-003,佐藤健一,R&D,senior_researcher,2023-12,382299,45596,35149,115306,347738,2023-12-25,JPY,full_time,CC-004
PAY-2023-12-00464,EMP-KMM-ADM-004,高橋美咲,administration,manager,2023-12,321528,65262,57669,98000,346459,2023-12-25,JPY,full_time,CC-001
PAY-2023-12-00465,EMP-HTB-MAN-005,渡辺誠,manufacturing,engineer,2023-12,308020,20000,11669,82798,256891,2023-12-25,JPY,full_time,CC-005
PAY-2023-12-00466,EMP-HTB-SAL-006,伊藤陽子,sales,manager,2023-12,389465,36220,43984,114305,355364,2023-12-25,JPY,full_time,CC-002
PAY-2023-12-00467,EMP-HTB-R&D-007,山本大輔,R&D,researcher,2023-12,442621,39856,51291,121772,411996,2023-12-25,JPY,full_time,CC-004
PAY-2023-12-00468,EMP-HTB-ADM-008,中村麻美,administration,staff,2023-12,353697,68286,35000,104449,352534,2023-12-25,JPY,full_time,CC-001
PAY-2023-12-00469,EMP-STM-MAN-009,小林優太,manufacturing,supervisor,2023-12,325596,20000,16086,98789,262893,2023-12-25,JPY,full_time,CC-005
PAY-2023-12-00470,EMP-STM-SAL-010,加藤絵里,sales,manager,2023-12,303207,74809,37833,103726,312123,2023-12-25,JPY,full_time,CC-002
PAY-2023-12-00471,EMP-STM-R&D-011,吉田拓也,R&D,senior_researcher,2023-12,420365,56325,41519,134143,384066,2023-12-25,JPY,full_time,CC-004
PAY-2023-12-00472,EMP-STM-ADM-012,山田真理子,administration,manager,2023-12,376804,48905,26522,118303,333928,2023-12-25,JPY,full_time,CC-001
PAY-2023-12-00473,EMP-SZK-MAN-013,佐々木翔,manufacturing,operator,2023-12,337271,20000,64070,96092,325249,2023-12-25,JPY,full_time,CC-005
PAY-2023-12-00474,EMP-SZK-SAL-014,井上明日香,sales,sales_rep,2023-12,397786,55356,54919,125172,382889,2023-12-25,JPY,full_time,CC-002
PAY-2023-12-00475,EMP-SZK-R&D-015,木村雄一,R&D,senior_researcher,2023-12,358419,69446,15850,117916,325799,2023-12-25,JPY,full_time,CC-004
PAY-2023-12-00476,EMP-SZK-ADM-016,松本由美,administration,manager,2023-12,360773,45960,48589,107385,347937,2023-12-25,JPY,full_time,CC-001
PAY-2023-12-00477,EMP-HMM-MAN-017,林健太郎,manufacturing,operator,2023-12,349211,20000,31755,91645,309321,2023-12-25,JPY,full_time,CC-005
PAY-2023-12-00478,EMP-HMM-SAL-018,清水千尋,sales,sales_rep,2023-12,359251,74208,30245,111931,351773,2023-12-25,JPY,full_time,CC-002
PAY-2023-12-00479,EMP-HMM-R&D-019,森本祐介,R&D,senior_researcher,2023-12,351250,42353,52974,102335,344242,2023-12-25,JPY,full_time,CC-004
PAY-2023-12-00480,EMP-HMM-ADM-020,池田愛美,administration,manager,2023-12,349514,71762,45347,112953,353670,2023-12-25,JPY,full_time,CC-001
PAY-2024-01-00481,EMP-KMM-MAN-001,田中太郎,manufacturing,operator,2024-01,325709,20000,48980,97892,296797,2024-01-25,JPY,full_time,CC-005
PAY-2024-01-00482,EMP-KMM-SAL-002,鈴木花子,sales,manager,2024-01,370781,61401,59700,110372,381510,2024-01-25,JPY,full_time,CC-002
PAY-2024-01-00483,EMP-KMM-R&D-003,佐藤健一,R&D,senior_researcher,2024-01,382299,63301,42426,117784,370242,2024-01-25,JPY,full_time,CC-004
PAY-2024-01-00484,EMP-KMM-ADM-004,高橋美咲,administration,manager,2024-01,321528,70115,48536,105259,334920,2024-01-25,JPY,full_time,CC-001
PAY-2024-01-00485,EMP-HTB-MAN-005,渡辺誠,manufacturing,engineer,2024-01,308020,20000,31937,85897,274060,2024-01-25,JPY,full_time,CC-005
PAY-2024-01-00486,EMP-HTB-SAL-006,伊藤陽子,sales,manager,2024-01,389465,66846,45484,114339,387456,2024-01-25,JPY,full_time,CC-002
PAY-2024-01-00487,EMP-HTB-R&D-007,山本大輔,R&D,researcher,2024-01,442621,62153,15684,134463,385995,2024-01-25,JPY,full_time,CC-004
PAY-2024-01-00488,EMP-HTB-ADM-008,中村麻美,administration,staff,2024-01,353697,44156,28269,96612,329510,2024-01-25,JPY,full_time,CC-001
PAY-2024-01-00489,EMP-STM-MAN-009,小林優太,manufacturing,supervisor,2024-01,325596,21560,24486,95162,276480,2024-01-25,JPY,full_time,CC-005
PAY-2024-01-00490,EMP-STM-SAL-010,加藤絵里,sales,manager,2024-01,303207,59950,12413,101941,273629,2024-01-25,JPY,full_time,CC-002
PAY-2024-01-00491,EMP-STM-R&D-011,吉田拓也,R&D,senior_researcher,2024-01,420365,65130,52188,123417,414266,2024-01-25,JPY,full_time,CC-004
PAY-2024-01-00492,EMP-STM-ADM-012,山田真理子,administration,manager,2024-01,376804,78734,14985,129737,340786,2024-01-25,JPY,full_time,CC-001
PAY-2024-01-00493,EMP-SZK-MAN-013,佐々木翔,manufacturing,operator,2024-01,337271,20000,26330,91094,292507,2024-01-25,JPY,full_time,CC-005
PAY-2024-01-00494,EMP-SZK-SAL-014,井上明日香,sales,sales_rep,2024-01,397786,58804,12372,113282,355680,2024-01-25,JPY,full_time,CC-002
PAY-2024-01-00495,EMP-SZK-R&D-015,木村雄一,R&D,senior_researcher,2024-01,358419,41953,38766,98333,340805,2024-01-25,JPY,full_time,CC-004
PAY-2024-01-00496,EMP-SZK-ADM-016,松本由美,administration,manager,2024-01,360773,53950,35752,104394,346081,2024-01-25,JPY,full_time,CC-001
PAY-2024-01-00497,EMP-HMM-MAN-017,林健太郎,manufacturing,operator,2024-01,349211,20000,52749,106190,315770,2024-01-25,JPY,full_time,CC-005
PAY-2024-01-00498,EMP-HMM-SAL-018,清水千尋,sales,sales_rep,2024-01,359251,68035,26334,103669,349951,2024-01-25,JPY,full_time,CC-002
PAY-2024-01-00499,EMP-HMM-R&D-019,森本祐介,R&D,senior_researcher,2024-01,351250,72623,14558,103216,335215,2024-01-25,JPY,full_time,CC-004
PAY-2024-01-00500,EMP-HMM-ADM-020,池田愛美,administration,manager,2024-01,349514,42427,52371,111201,333111,2024-01-25,JPY,full_time,CC-001
PAY-2024-02-00501,EMP-KMM-MAN-001,田中太郎,manufacturing,operator,2024-02,325709,20000,55252,91324,309637,2024-02-25,JPY,full_time,CC-005
PAY-2024-02-00502,EMP-KMM-SAL-002,鈴木花子,sales,manager,2024-02,370781,38829,36396,117305,328701,2024-02-25,JPY,full_time,CC-002
PAY-2024-02-00503,EMP-KMM-R&D-003,佐藤健一,R&D,senior_researcher,2024-02,382299,78357,33222,118274,375604,2024-02-25,JPY,full_time,CC-004
PAY-2024-02-00504,EMP-KMM-ADM-004,高橋美咲,administration,manager,2024-02,321528,68988,34821,104895,320442,2024-02-25,JPY,full_time,CC-001
PAY-2024-02-00505,EMP-HTB-MAN-005,渡辺誠,manufacturing,engineer,2024-02,308020,20000,50659,82934,295745,2024-02-25,JPY,full_time,CC-005
PAY-2024-02-00506,EMP-HTB-SAL-006,伊藤陽子,sales,manager,2024-02,389465,55452,64878,130686,379109,2024-02-25,JPY,full_time,CC-002
PAY-2024-02-00507,EMP-HTB-R&D-007,山本大輔,R&D,researcher,2024-02,442621,54386,36954,136908,397053,2024-02-25,JPY,full_time,CC-004
PAY-2024-02-00508,EMP-HTB-ADM-008,中村麻美,administration,staff,2024-02,353697,68543,57518,113530,366228,2024-02-25,JPY,full_time,CC-001
PAY-2024-02-00509,EMP-STM-MAN-009,小林優太,manufacturing,supervisor,2024-02,325596,20000,15116,89919,270793,2024-02-25,JPY,full_time,CC-005
PAY-2024-02-00510,EMP-STM-SAL-010,加藤絵里,sales,manager,2024-02,303207,74096,35845,101564,311584,2024-02-25,JPY,full_time,CC-002
PAY-2024-02-00511,EMP-STM-R&D-011,吉田拓也,R&D,senior_researcher,2024-02,420365,70564,46976,133214,404691,2024-02-25,JPY,full_time,CC-004
PAY-2024-02-00512,EMP-STM-ADM-012,山田真理子,administration,manager,2024-02,376804,43823,44987,113133,352481,2024-02-25,JPY,full_time,CC-001
PAY-2024-02-00513,EMP-SZK-MAN-013,佐々木翔,manufacturing,operator,2024-02,337271,20000,33573,103401,287443,2024-02-25,JPY,full_time,CC-005
PAY-2024-02-00514,EMP-SZK-SAL-014,井上明日香,sales,sales_rep,2024-02,397786,69884,32902,118901,381671,2024-02-25,JPY,full_time,CC-002
PAY-2024-02-00515,EMP-SZK-R&D-015,木村雄一,R&D,senior_researcher,2024-02,358419,79312,57450,119667,375514,2024-02-25,JPY,full_time,CC-004
PAY-2024-02-00516,EMP-SZK-ADM-016,松本由美,administration,manager,2024-02,360773,30041,59393,108063,342144,2024-02-25,JPY,full_time,CC-001
PAY-2024-02-00517,EMP-HMM-MAN-017,林健太郎,manufacturing,operator,2024-02,349211,20000,38400,94425,313186,2024-02-25,JPY,full_time,CC-005
PAY-2024-02-00518,EMP-HMM-SAL-018,清水千尋,sales,sales_rep,2024-02,359251,77374,54479,126154,364950,2024-02-25,JPY,full_time,CC-002
PAY-2024-02-00519,EMP-HMM-R&D-019,森本祐介,R&D,senior_researcher,2024-02,351250,71100,32076,115851,338575,2024-02-25,JPY,full_time,CC-004
PAY-2024-02-00520,EMP-HMM-ADM-020,池田愛美,administration,manager,2024-02,349514,70445,52870,110571,362258,2024-02-25,JPY,full_time,CC-001
PAY-2024-03-00521,EMP-KMM-MAN-001,田中太郎,manufacturing,operator,2024-03,325709,20000,53547,90696,308560,2024-03-25,JPY,full_time,CC-005
PAY-2024-03-00522,EMP-KMM-SAL-002,鈴木花子,sales,manager,2024-03,370781,65413,52065,113541,374718,2024-03-25,JPY,full_time,CC-002
PAY-2024-03-00523,EMP-KMM-R&D-003,佐藤健一,R&D,senior_researcher,2024-03,382299,72932,28042,122435,360838,2024-03-25,JPY,full_time,CC-004
PAY-2024-03-00524,EMP-KMM-ADM-004,高橋美咲,administration,manager,2024-03,321528,72622,61051,101663,353538,2024-03-25,JPY,full_time,CC-001
PAY-2024-03-00525,EMP-HTB-MAN-005,渡辺誠,manufacturing,engineer,2024-03,308020,20000,67952,96338,299634,2024-03-25,JPY,full_time,CC-005
PAY-2024-03-00526,EMP-HTB-SAL-006,伊藤陽子,sales,manager,2024-03,389465,78273,59114,119827,407025,2024-03-25,JPY,full_time,CC-002
PAY-2024-03-00527,EMP-HTB-R&D-007,山本大輔,R&D,researcher,2024-03,442621,46733,15765,124242,380877,2024-03-25,JPY,full_time,CC-004
PAY-2024-03-00528,EMP-HTB-ADM-008,中村麻美,administration,staff,2024-03,353697,56475,49989,105332,354829,2024-03-25,JPY,full_time,CC-001
PAY-2024-03-00529,EMP-STM-MAN-009,小林優太,manufacturing,supervisor,2024-03,325596,20000,54810,84743,315663,2024-03-25,JPY,full_time,CC-005
PAY-2024-03-00530,EMP-STM-SAL-010,加藤絵里,sales,manager,2024-03,303207,67223,11104,96232,285302,2024-03-25,JPY,full_time,CC-002
PAY-2024-03-00531,EMP-STM-R&D-011,吉田拓也,R&D,senior_researcher,2024-03,420365,59883,61866,128488,413626,2024-03-25,JPY,full_time,CC-004
PAY-2024-03-00532,EMP-STM-ADM-012,山田真理子,administration,manager,2024-03,376804,79571,15754,122722,349407,2024-03-25,JPY,full_time,CC-001
PAY-2024-03-00533,EMP-SZK-MAN-013,佐々木翔,manufacturing,operator,2024-03,337271,21489,58177,91559,325378,2024-03-25,JPY,full_time,CC-005
PAY-2024-03-00534,EMP-SZK-SAL-014,井上明日香,sales,sales_rep,2024-03,397786,38445,30080,111798,354513,2024-03-25,JPY,full_time,CC-002
PAY-2024-03-00535,EMP-SZK-R&D-015,木村雄一,R&D,senior_researcher,2024-03,358419,63825,57799,122132,357911,2024-03-25,JPY,full_time,CC-004
PAY-2024-03-00536,EMP-SZK-ADM-016,松本由美,administration,manager,2024-03,360773,38199,53567,110292,342247,2024-03-25,JPY,full_time,CC-001
PAY-2024-03-00537,EMP-HMM-MAN-017,林健太郎,manufacturing,operator,2024-03,349211,20000,55489,102469,322231,2024-03-25,JPY,full_time,CC-005
PAY-2024-03-00538,EMP-HMM-SAL-018,清水千尋,sales,sales_rep,2024-03,359251,54991,51942,107626,358558,2024-03-25,JPY,full_time,CC-002
PAY-2024-03-00539,EMP-HMM-R&D-019,森本祐介,R&D,senior_researcher,2024-03,351250,30517,26686,105517,302936,2024-03-25,JPY,full_time,CC-004
PAY-2024-03-00540,EMP-HMM-ADM-020,池田愛美,administration,manager,2024-03,349514,53892,56153,117651,341908,2024-03-25,JPY,full_time,CC-001
PAY-2024-04-00541,EMP-KMM-MAN-001,田中太郎,manufacturing,operator,2024-04,325709,20000,33587,97798,281498,2024-04-25,JPY,full_time,CC-005
PAY-2024-04-00542,EMP-KMM-SAL-002,鈴木花子,sales,manager,2024-04,370781,65392,57470,103579,390064,2024-04-25,JPY,full_time,CC-002
PAY-2024-04-00543,EMP-KMM-R&D-003,佐藤健一,R&D,senior_researcher,2024-04,382299,71585,54574,124550,383908,2024-04-25,JPY,full_time,CC-004
PAY-2024-04-00544,EMP-KMM-ADM-004,高橋美咲,administration,manager,2024-04,321528,70334,31398,102945,320315,2024-04-25,JPY,full_time,CC-001
PAY-2024-04-00545,EMP-HTB-MAN-005,渡辺誠,manufacturing,engineer,2024-04,308020,20000,16083,80824,263279,2024-04-25,JPY,full_time,CC-005
PAY-2024-04-00546,EMP-HTB-SAL-006,伊藤陽子,sales,manager,2024-04,389465,48922,16099,114904,339582,2024-04-25,JPY,full_time,CC-002
PAY-2024-04-00547,EMP-HTB-R&D-007,山本大輔,R&D,researcher,2024-04,442621,75263,52632,136508,434008,2024-04-25,JPY,full_time,CC-004
PAY-2024-04-00548,EMP-HTB-ADM-008,中村麻美,administration,staff,2024-04,353697,66188,52957,113075,359767,2024-04-25,JPY,full_time,CC-001
PAY-2024-04-00549,EMP-STM-MAN-009,小林優太,manufacturing,supervisor,2024-04,325596,28670,34358,99747,288877,2024-04-25,JPY,full_time,CC-005
PAY-2024-04-00550,EMP-STM-SAL-010,加藤絵里,sales,manager,2024-04,303207,56821,44507,98527,306008,2024-04-25,JPY,full_time,CC-002
PAY-2024-04-00551,EMP-STM-R&D-011,吉田拓也,R&D,senior_researcher,2024-04,420365,67336,45033,131530,401204,2024-04-25,JPY,full_time,CC-004
PAY-2024-04-00552,EMP-STM-ADM-012,山田真理子,administration,manager,2024-04,376804,60732,54163,113473,378226,2024-04-25,JPY,full_time,CC-001
PAY-2024-04-00553,EMP-SZK-MAN-013,佐々木翔,manufacturing,operator,2024-04,337271,20000,50854,90979,317146,2024-04-25,JPY,full_time,CC-005
PAY-2024-04-00554,EMP-SZK-SAL-014,井上明日香,sales,sales_rep,2024-04,397786,70682,54723,135416,387775,2024-04-25,JPY,full_time,CC-002
PAY-2024-04-00555,EMP-SZK-R&D-015,木村雄一,R&D,senior_researcher,2024-04,358419,53287,59476,108323,362859,2024-04-25,JPY,full_time,CC-004
PAY-2024-04-00556,EMP-SZK-ADM-016,松本由美,administration,manager,2024-04,360773,37045,24416,97500,324734,2024-04-25,JPY,full_time,CC-001
PAY-2024-04-00557,EMP-HMM-MAN-017,林健太郎,manufacturing,operator,2024-04,349211,20000,16702,93535,292378,2024-04-25,JPY,full_time,CC-005
PAY-2024-04-00558,EMP-HMM-SAL-018,清水千尋,sales,sales_rep,2024-04,359251,71294,48455,110411,368589,2024-04-25,JPY,full_time,CC-002
PAY-2024-04-00559,EMP-HMM-R&D-019,森本祐介,R&D,senior_researcher,2024-04,351250,59256,38264,102958,345812,2024-04-25,JPY,full_time,CC-004
PAY-2024-04-00560,EMP-HMM-ADM-020,池田愛美,administration,manager,2024-04,349514,65822,35787,108772,342351,2024-04-25,JPY,full_time,CC-001
PAY-2024-05-00561,EMP-KMM-MAN-001,田中太郎,manufacturing,operator,2024-05,325709,20000,34899,87278,293330,2024-05-25,JPY,full_time,CC-005
PAY-2024-05-00562,EMP-KMM-SAL-002,鈴木花子,sales,manager,2024-05,370781,68262,35409,117382,357070,2024-05-25,JPY,full_time,CC-002
PAY-2024-05-00563,EMP-KMM-R&D-003,佐藤健一,R&D,senior_researcher,2024-05,382299,31499,46909,118496,342211,2024-05-25,JPY,full_time,CC-004
PAY-2024-05-00564,EMP-KMM-ADM-004,高橋美咲,administration,manager,2024-05,321528,34126,12307,101916,266045,2024-05-25,JPY,full_time,CC-001
PAY-2024-05-00565,EMP-HTB-MAN-005,渡辺誠,manufacturing,engineer,2024-05,308020,26114,39284,85855,287563,2024-05-25,JPY,full_time,CC-005
PAY-2024-05-00566,EMP-HTB-SAL-006,伊藤陽子,sales,manager,2024-05,389465,53351,57406,114399,385823,2024-05-25,JPY,full_time,CC-002
PAY-2024-05-00567,EMP-HTB-R&D-007,山本大輔,R&D,researcher,2024-05,442621,70884,17857,129230,402132,2024-05-25,JPY,full_time,CC-004
PAY-2024-05-00568,EMP-HTB-ADM-008,中村麻美,administration,staff,2024-05,353697,35527,54078,98941,344361,2024-05-25,JPY,full_time,CC-001
PAY-2024-05-00569,EMP-STM-MAN-009,小林優太,manufacturing,supervisor,2024-05,325596,20000,58866,94968,309494,2024-05-25,JPY,full_time,CC-005
PAY-2024-05-00570,EMP-STM-SAL-010,加藤絵里,sales,manager,2024-05,303207,54263,32374,91897,297947,2024-05-25,JPY,full_time,CC-002
PAY-2024-05-00571,EMP-STM-R&D-011,吉田拓也,R&D,senior_researcher,2024-05,420365,40738,29255,114066,376292,2024-05-25,JPY,full_time,CC-004
PAY-2024-05-00572,EMP-STM-ADM-012,山田真理子,administration,manager,2024-05,376804,58196,39582,114562,360020,2024-05-25,JPY,full_time,CC-001
PAY-2024-05-00573,EMP-SZK-MAN-013,佐々木翔,manufacturing,operator,2024-05,337271,20000,34438,88330,303379,2024-05-25,JPY,full_time,CC-005
PAY-2024-05-00574,EMP-SZK-SAL-014,井上明日香,sales,sales_rep,2024-05,397786,47741,35677,120453,360751,2024-05-25,JPY,full_time,CC-002
PAY-2024-05-00575,EMP-SZK-R&D-015,木村雄一,R&D,senior_researcher,2024-05,358419,31965,39330,105749,323965,2024-05-25,JPY,full_time,CC-004
PAY-2024-05-00576,EMP-SZK-ADM-016,松本由美,administration,manager,2024-05,360773,44160,35719,107083,333569,2024-05-25,JPY,full_time,CC-001
PAY-2024-05-00577,EMP-HMM-MAN-017,林健太郎,manufacturing,operator,2024-05,349211,20000,57998,100671,326538,2024-05-25,JPY,full_time,CC-005
PAY-2024-05-00578,EMP-HMM-SAL-018,清水千尋,sales,sales_rep,2024-05,359251,31087,51093,97942,343489,2024-05-25,JPY,full_time,CC-002
PAY-2024-05-00579,EMP-HMM-R&D-019,森本祐介,R&D,senior_researcher,2024-05,351250,39915,19124,100497,309792,2024-05-25,JPY,full_time,CC-004
PAY-2024-05-00580,EMP-HMM-ADM-020,池田愛美,administration,manager,2024-05,349514,33770,53108,92944,343448,2024-05-25,JPY,full_time,CC-001
PAY-2024-06-00581,EMP-KMM-MAN-001,田中太郎,manufacturing,operator,2024-06,325709,20000,26761,88038,284432,2024-06-25,JPY,full_time,CC-005
PAY-2024-06-00582,EMP-KMM-SAL-002,鈴木花子,sales,manager,2024-06,370781,78055,58791,114324,393303,2024-06-25,JPY,full_time,CC-002
PAY-2024-06-00583,EMP-KMM-R&D-003,佐藤健一,R&D,senior_researcher,2024-06,382299,70970,55818,120860,388227,2024-06-25,JPY,full_time,CC-004
PAY-2024-06-00584,EMP-KMM-ADM-004,高橋美咲,administration,manager,2024-06,321528,62786,25125,102251,307188,2024-06-25,JPY,full_time,CC-001
PAY-2024-06-00585,EMP-HTB-MAN-005,渡辺誠,manufacturing,engineer,2024-06,308020,20000,55103,94814,288309,2024-06-25,JPY,full_time,CC-005
PAY-2024-06-00586,EMP-HTB-SAL-006,伊藤陽子,sales,manager,2024-06,389465,49077,13606,123258,328890,2024-06-25,JPY,full_time,CC-002
PAY-2024-06-00587,EMP-HTB-R&D-007,山本大輔,R&D,researcher,2024-06,442621,43269,14968,132711,368147,2024-06-25,JPY,full_time,CC-004
PAY-2024-06-00588,EMP-HTB-ADM-008,中村麻美,administration,staff,2024-06,353697,69588,60253,119326,364212,2024-06-25,JPY,full_time,CC-001
PAY-2024-06-00589,EMP-STM-MAN-009,小林優太,manufacturing,supervisor,2024-06,325596,20000,46310,95300,296606,2024-06-25,JPY,full_time,CC-005
PAY-2024-06-00590,EMP-STM-SAL-010,加藤絵里,sales,manager,2024-06,303207,33805,10663,89625,258050,2024-06-25,JPY,full_time,CC-002
PAY-2024-06-00591,EMP-STM-R&D-011,吉田拓也,R&D,senior_researcher,2024-06,420365,77042,19775,139293,377889,2024-06-25,JPY,full_time,CC-004
PAY-2024-06-00592,EMP-STM-ADM-012,山田真理子,administration,manager,2024-06,376804,36037,50142,109518,353465,2024-06-25,JPY,full_time,CC-001
PAY-2024-06-00593,EMP-SZK-MAN-013,佐々木翔,manufacturing,operator,2024-06,337271,20000,56014,102543,310742,2024-06-25,JPY,full_time,CC-005
PAY-2024-06-00594,EMP-SZK-SAL-014,井上明日香,sales,sales_rep,2024-06,397786,51618,55709,123862,381251,2024-06-25,JPY,full_time,CC-002
PAY-2024-06-00595,EMP-SZK-R&D-015,木村雄一,R&D,senior_researcher,2024-06,358419,48467,47489,116388,337987,2024-06-25,JPY,full_time,CC-004
PAY-2024-06-00596,EMP-SZK-ADM-016,松本由美,administration,manager,2024-06,360773,38452,58816,107813,350228,2024-06-25,JPY,full_time,CC-001
PAY-2024-06-00597,EMP-HMM-MAN-017,林健太郎,manufacturing,operator,2024-06,349211,20000,43473,94360,318324,2024-06-25,JPY,full_time,CC-005
PAY-2024-06-00598,EMP-HMM-SAL-018,清水千尋,sales,sales_rep,2024-06,359251,61855,26779,117287,330598,2024-06-25,JPY,full_time,CC-002
PAY-2024-06-00599,EMP-HMM-R&D-019,森本祐介,R&D,senior_researcher,2024-06,351250,34823,23699,109306,300466,2024-06-25,JPY,full_time,CC-004
PAY-2024-06-00600,EMP-HMM-ADM-020,池田愛美,administration,manager,2024-06,349514,33967,13955,93040,304396,2024-06-25,JPY,full_time,CC-001
PAY-2024-07-00601,EMP-KMM-MAN-001,田中太郎,manufacturing,operator,2024-07,325709,20000,45431,94864,296276,2024-07-25,JPY,full_time,CC-005
PAY-2024-07-00602,EMP-KMM-SAL-002,鈴木花子,sales,manager,2024-07,370781,59868,32007,118775,343881,2024-07-25,JPY,full_time,CC-002
PAY-2024-07-00603,EMP-KMM-R&D-003,佐藤健一,R&D,senior_researcher,2024-07,382299,68846,54285,121340,384090,2024-07-25,JPY,full_time,CC-004
PAY-2024-07-00604,EMP-KMM-ADM-004,高橋美咲,administration,manager,2024-07,321528,63388,53958,95449,343425,2024-07-25,JPY,full_time,CC-001
PAY-2024-07-00605,EMP-HTB-MAN-005,渡辺誠,manufacturing,engineer,2024-07,308020,20000,54265,89531,292754,2024-07-25,JPY,full_time,CC-005
PAY-2024-07-00606,EMP-HTB-SAL-006,伊藤陽子,sales,manager,2024-07,389465,60085,47941,123411,374080,2024-07-25,JPY,full_time,CC-002
PAY-2024-07-00607,EMP-HTB-R&D-007,山本大輔,R&D,researcher,2024-07,442621,53975,48109,131316,413389,2024-07-25,JPY,full_time,CC-004
PAY-2024-07-00608,EMP-HTB-ADM-008,中村麻美,administration,staff,2024-07,353697,66372,13273,114273,319069,2024-07-25,JPY,full_time,CC-001
PAY-2024-07-00609,EMP-STM-MAN-009,小林優太,manufacturing,supervisor,2024-07,325596,20000,27708,94500,278804,2024-07-25,JPY,full_time,CC-005
PAY-2024-07-00610,EMP-STM-SAL-010,加藤絵里,sales,manager,2024-07,303207,33368,17431,94767,259239,2024-07-25,JPY,full_time,CC-002
PAY-2024-07-00611,EMP-STM-R&D-011,吉田拓也,R&D,senior_researcher,2024-07,420365,58681,31212,131421,378837,2024-07-25,JPY,full_time,CC-004
PAY-2024-07-00612,EMP-STM-ADM-012,山田真理子,administration,manager,2024-07,376804,65466,61778,119967,384081,2024-07-25,JPY,full_time,CC-001
PAY-2024-07-00613,EMP-SZK-MAN-013,佐々木翔,manufacturing,operator,2024-07,337271,21265,39907,94492,303951,2024-07-25,JPY,full_time,CC-005
PAY-2024-07-00614,EMP-SZK-SAL-014,井上明日香,sales,sales_rep,2024-07,397786,67086,38169,112994,390047,2024-07-25,JPY,full_time,CC-002
PAY-2024-07-00615,EMP-SZK-R&D-015,木村雄一,R&D,senior_researcher,2024-07,358419,64001,13494,112999,322915,2024-07-25,JPY,full_time,CC-004
PAY-2024-07-00616,EMP-SZK-ADM-016,松本由美,administration,manager,2024-07,360773,70724,43450,117843,357104,2024-07-25,JPY,full_time,CC-001
PAY-2024-07-00617,EMP-HMM-MAN-017,林健太郎,manufacturing,operator,2024-07,349211,20000,43508,107970,304749,2024-07-25,JPY,full_time,CC-005
PAY-2024-07-00618,EMP-HMM-SAL-018,清水千尋,sales,sales_rep,2024-07,359251,70590,54723,120701,363863,2024-07-25,JPY,full_time,CC-002
PAY-2024-07-00619,EMP-HMM-R&D-019,森本祐介,R&D,senior_researcher,2024-07,351250,40058,30529,103401,318436,2024-07-25,JPY,full_time,CC-004
PAY-2024-07-00620,EMP-HMM-ADM-020,池田愛美,administration,manager,2024-07,349514,39266,37231,99781,326230,2024-07-25,JPY,full_time,CC-001
PAY-2024-08-00621,EMP-KMM-MAN-001,田中太郎,manufacturing,operator,2024-08,325709,20000,40920,90474,296155,2024-08-25,JPY,full_time,CC-005
PAY-2024-08-00622,EMP-KMM-SAL-002,鈴木花子,sales,manager,2024-08,370781,49341,56774,107264,369632,2024-08-25,JPY,full_time,CC-002
PAY-2024-08-00623,EMP-KMM-R&D-003,佐藤健一,R&D,senior_researcher,2024-08,382299,51377,60673,110130,384219,2024-08-25,JPY,full_time,CC-004
PAY-2024-08-00624,EMP-KMM-ADM-004,高橋美咲,administration,manager,2024-08,321528,38311,47288,93259,313868,2024-08-25,JPY,full_time,CC-001
PAY-2024-08-00625,EMP-HTB-MAN-005,渡辺誠,manufacturing,engineer,2024-08,308020,20000,45956,78946,295030,2024-08-25,JPY,full_time,CC-005
PAY-2024-08-00626,EMP-HTB-SAL-006,伊藤陽子,sales,manager,2024-08,389465,34624,57901,109785,372205,2024-08-25,JPY,full_time,CC-002
PAY-2024-08-00627,EMP-HTB-R&D-007,山本大輔,R&D,researcher,2024-08,442621,31364,38590,119566,393009,2024-08-25,JPY,full_time,CC-004
PAY-2024-08-00628,EMP-HTB-ADM-008,中村麻美,administration,staff,2024-08,353697,71291,59649,106321,378316,2024-08-25,JPY,full_time,CC-001
PAY-2024-08-00629,EMP-STM-MAN-009,小林優太,manufacturing,supervisor,2024-08,325596,26234,37356,96857,292329,2024-08-25,JPY,full_time,CC-005
PAY-2024-08-00630,EMP-STM-SAL-010,加藤絵里,sales,manager,2024-08,303207,71799,10641,101861,283786,2024-08-25,JPY,full_time,CC-002
PAY-2024-08-00631,EMP-STM-R&D-011,吉田拓也,R&D,senior_researcher,2024-08,420365,44838,23133,125302,363034,2024-08-25,JPY,full_time,CC-004
PAY-2024-08-00632,EMP-STM-ADM-012,山田真理子,administration,manager,2024-08,376804,40106,37824,115416,339318,2024-08-25,JPY,full_time,CC-001
PAY-2024-08-00633,EMP-SZK-MAN-013,佐々木翔,manufacturing,operator,2024-08,337271,20000,38044,92542,302773,2024-08-25,JPY,full_time,CC-005
PAY-2024-08-00634,EMP-SZK-SAL-014,井上明日香,sales,sales_rep,2024-08,397786,77133,21758,128632,368045,2024-08-25,JPY,full_time,CC-002
PAY-2024-08-00635,EMP-SZK-R&D-015,木村雄一,R&D,senior_researcher,2024-08,358419,79543,44042,117896,364108,2024-08-25,JPY,full_time,CC-004
PAY-2024-08-00636,EMP-SZK-ADM-016,松本由美,administration,manager,2024-08,360773,73284,29938,111608,352387,2024-08-25,JPY,full_time,CC-001
PAY-2024-08-00637,EMP-HMM-MAN-017,林健太郎,manufacturing,operator,2024-08,349211,20000,51517,98341,322387,2024-08-25,JPY,full_time,CC-005
PAY-2024-08-00638,EMP-HMM-SAL-018,清水千尋,sales,sales_rep,2024-08,359251,43972,14117,106925,310415,2024-08-25,JPY,full_time,CC-002
PAY-2024-08-00639,EMP-HMM-R&D-019,森本祐介,R&D,senior_researcher,2024-08,351250,64695,51961,103742,364164,2024-08-25,JPY,full_time,CC-004
PAY-2024-08-00640,EMP-HMM-ADM-020,池田愛美,administration,manager,2024-08,349514,44349,41387,103413,331837,2024-08-25,JPY,full_time,CC-001
PAY-2024-09-00641,EMP-KMM-MAN-001,田中太郎,manufacturing,operator,2024-09,325709,20000,52729,97874,300564,2024-09-25,JPY,full_time,CC-005
PAY-2024-09-00642,EMP-KMM-SAL-002,鈴木花子,sales,manager,2024-09,370781,39732,61379,117146,354746,2024-09-25,JPY,full_time,CC-002
PAY-2024-09-00643,EMP-KMM-R&D-003,佐藤健一,R&D,senior_researcher,2024-09,382299,75375,62411,122193,397892,2024-09-25,JPY,full_time,CC-004
PAY-2024-09-00644,EMP-KMM-ADM-004,高橋美咲,administration,manager,2024-09,321528,45188,19510,92733,293493,2024-09-25,JPY,full_time,CC-001
PAY-2024-09-00645,EMP-HTB-MAN-005,渡辺誠,manufacturing,engineer,2024-09,308020,20000,54367,80014,302373,2024-09-25,JPY,full_time,CC-005
PAY-2024-09-00646,EMP-HTB-SAL-006,伊藤陽子,sales,manager,2024-09,389465,42238,40614,109929,362388,2024-09-25,JPY,full_time,CC-002
PAY-2024-09-00647,EMP-HTB-R&D-007,山本大輔,R&D,researcher,2024-09,442621,55211,59170,128276,428726,2024-09-25,JPY,full_time,CC-004
PAY-2024-09-00648,EMP-HTB-ADM-008,中村麻美,administration,staff,2024-09,353697,62169,31979,111338,336507,2024-09-25,JPY,full_time,CC-001
PAY-2024-09-00649,EMP-STM-MAN-009,小林優太,manufacturing,supervisor,2024-09,325596,20000,43414,84036,304974,2024-09-25,JPY,full_time,CC-005
PAY-2024-09-00650,EMP-STM-SAL-010,加藤絵里,sales,manager,2024-09,303207,57725,56811,96506,321237,2024-09-25,JPY,full_time,CC-002
PAY-2024-09-00651,EMP-STM-R&D-011,吉田拓也,R&D,senior_researcher,2024-09,420365,35295,51632,109977,397315,2024-09-25,JPY,full_time,CC-004
PAY-2024-09-00652,EMP-STM-ADM-012,山田真理子,administration,manager,2024-09,376804,43189,19815,105063,334745,2024-09-25,JPY,full_time,CC-001
PAY-2024-09-00653,EMP-SZK-MAN-013,佐々木翔,manufacturing,operator,2024-09,337271,26370,57563,90317,330887,2024-09-25,JPY,full_time,CC-005
PAY-2024-09-00654,EMP-SZK-SAL-014,井上明日香,sales,sales_rep,2024-09,397786,33433,28089,110290,349018,2024-09-25,JPY,full_time,CC-002
PAY-2024-09-00655,EMP-SZK-R&D-015,木村雄一,R&D,senior_researcher,2024-09,358419,35738,56341,100241,350257,2024-09-25,JPY,full_time,CC-004
PAY-2024-09-00656,EMP-SZK-ADM-016,松本由美,administration,manager,2024-09,360773,55761,25581,110661,331454,2024-09-25,JPY,full_time,CC-001
PAY-2024-09-00657,EMP-HMM-MAN-017,林健太郎,manufacturing,operator,2024-09,349211,20000,50347,97736,321822,2024-09-25,JPY,full_time,CC-005
PAY-2024-09-00658,EMP-HMM-SAL-018,清水千尋,sales,sales_rep,2024-09,359251,52596,30575,114984,327438,2024-09-25,JPY,full_time,CC-002
PAY-2024-09-00659,EMP-HMM-R&D-019,森本祐介,R&D,senior_researcher,2024-09,351250,58158,34904,114816,329496,2024-09-25,JPY,full_time,CC-004
PAY-2024-09-00660,EMP-HMM-ADM-020,池田愛美,administration,manager,2024-09,349514,45601,54599,112182,337532,2024-09-25,JPY,full_time,CC-001
PAY-2024-10-00661,EMP-KMM-MAN-001,田中太郎,manufacturing,operator,2024-10,325709,20000,26948,96004,276653,2024-10-25,JPY,full_time,CC-005
PAY-2024-10-00662,EMP-KMM-SAL-002,鈴木花子,sales,manager,2024-10,370781,40389,31896,105768,337298,2024-10-25,JPY,full_time,CC-002
PAY-2024-10-00663,EMP-KMM-R&D-003,佐藤健一,R&D,senior_researcher,2024-10,382299,47343,10858,118917,321583,2024-10-25,JPY,full_time,CC-004
PAY-2024-10-00664,EMP-KMM-ADM-004,高橋美咲,administration,manager,2024-10,321528,69021,62623,114020,339152,2024-10-25,JPY,full_time,CC-001
PAY-2024-10-00665,EMP-HTB-MAN-005,渡辺誠,manufacturing,engineer,2024-10,308020,23210,32582,84801,279011,2024-10-25,JPY,full_time,CC-005
PAY-2024-10-00666,EMP-HTB-SAL-006,伊藤陽子,sales,manager,2024-10,389465,60557,26526,114626,361922,2024-10-25,JPY,full_time,CC-002
PAY-2024-10-00667,EMP-HTB-R&D-007,山本大輔,R&D,researcher,2024-10,442621,63997,61757,128100,440275,2024-10-25,JPY,full_time,CC-004
PAY-2024-10-00668,EMP-HTB-ADM-008,中村麻美,administration,staff,2024-10,353697,41702,29514,114133,310780,2024-10-25,JPY,full_time,CC-001
PAY-2024-10-00669,EMP-STM-MAN-009,小林優太,manufacturing,supervisor,2024-10,325596,20000,32177,94285,283488,2024-10-25,JPY,full_time,CC-005
PAY-2024-10-00670,EMP-STM-SAL-010,加藤絵里,sales,manager,2024-10,303207,32049,57970,82302,310924,2024-10-25,JPY,full_time,CC-002
PAY-2024-10-00671,EMP-STM-R&D-011,吉田拓也,R&D,senior_researcher,2024-10,420365,78221,20371,133141,385816,2024-10-25,JPY,full_time,CC-004
PAY-2024-10-00672,EMP-STM-ADM-012,山田真理子,administration,manager,2024-10,376804,77739,53686,117358,390871,2024-10-25,JPY,full_time,CC-001
PAY-2024-10-00673,EMP-SZK-MAN-013,佐々木翔,manufacturing,operator,2024-10,337271,20000,35178,96860,295589,2024-10-25,JPY,full_time,CC-005
PAY-2024-10-00674,EMP-SZK-SAL-014,井上明日香,sales,sales_rep,2024-10,397786,53824,38221,124644,365187,2024-10-25,JPY,full_time,CC-002
PAY-2024-10-00675,EMP-SZK-R&D-015,木村雄一,R&D,senior_researcher,2024-10,358419,71399,42571,116903,355486,2024-10-25,JPY,full_time,CC-004
PAY-2024-10-00676,EMP-SZK-ADM-016,松本由美,administration,manager,2024-10,360773,63499,13684,116326,321630,2024-10-25,JPY,full_time,CC-001
PAY-2024-10-00677,EMP-HMM-MAN-017,林健太郎,manufacturing,operator,2024-10,349211,20000,36453,99958,305706,2024-10-25,JPY,full_time,CC-005
PAY-2024-10-00678,EMP-HMM-SAL-018,清水千尋,sales,sales_rep,2024-10,359251,33813,29193,108095,314162,2024-10-25,JPY,full_time,CC-002
PAY-2024-10-00679,EMP-HMM-R&D-019,森本祐介,R&D,senior_researcher,2024-10,351250,60649,41761,99584,354076,2024-10-25,JPY,full_time,CC-004
PAY-2024-10-00680,EMP-HMM-ADM-020,池田愛美,administration,manager,2024-10,349514,53999,47258,112016,338755,2024-10-25,JPY,full_time,CC-001
PAY-2024-11-00681,EMP-KMM-MAN-001,田中太郎,manufacturing,operator,2024-11,325709,20000,61966,99009,308666,2024-11-25,JPY,full_time,CC-005
PAY-2024-11-00682,EMP-KMM-SAL-002,鈴木花子,sales,manager,2024-11,370781,40298,50599,116571,345107,2024-11-25,JPY,full_time,CC-002
PAY-2024-11-00683,EMP-KMM-R&D-003,佐藤健一,R&D,senior_researcher,2024-11,382299,39623,40902,108571,354253,2024-11-25,JPY,full_time,CC-004
PAY-2024-11-00684,EMP-KMM-ADM-004,高橋美咲,administration,manager,2024-11,321528,31257,53198,92861,313122,2024-11-25,JPY,full_time,CC-001
PAY-2024-11-00685,EMP-HTB-MAN-005,渡辺誠,manufacturing,engineer,2024-11,308020,20460,53372,88429,293423,2024-11-25,JPY,full_time,CC-005
PAY-2024-11-00686,EMP-HTB-SAL-006,伊藤陽子,sales,manager,2024-11,389465,44072,44305,107530,370312,2024-11-25,JPY,full_time,CC-002
PAY-2024-11-00687,EMP-HTB-R&D-007,山本大輔,R&D,researcher,2024-11,442621,48679,34373,142237,383436,2024-11-25,JPY,full_time,CC-004
PAY-2024-11-00688,EMP-HTB-ADM-008,中村麻美,administration,staff,2024-11,353697,54402,14553,105051,317601,2024-11-25,JPY,full_time,CC-001
PAY-2024-11-00689,EMP-STM-MAN-009,小林優太,manufacturing,supervisor,2024-11,325596,24630,31523,94280,287469,2024-11-25,JPY,full_time,CC-005
PAY-2024-11-00690,EMP-STM-SAL-010,加藤絵里,sales,manager,2024-11,303207,65813,55037,92396,331661,2024-11-25,JPY,full_time,CC-002
PAY-2024-11-00691,EMP-STM-R&D-011,吉田拓也,R&D,senior_researcher,2024-11,420365,34582,42799,116280,381466,2024-11-25,JPY,full_time,CC-004
PAY-2024-11-00692,EMP-STM-ADM-012,山田真理子,administration,manager,2024-11,376804,49986,36383,108042,355131,2024-11-25,JPY,full_time,CC-001
PAY-2024-11-00693,EMP-SZK-MAN-013,佐々木翔,manufacturing,operator,2024-11,337271,24748,50093,98413,313699,2024-11-25,JPY,full_time,CC-005
PAY-2024-11-00694,EMP-SZK-SAL-014,井上明日香,sales,sales_rep,2024-11,397786,40579,56617,121332,373650,2024-11-25,JPY,full_time,CC-002
PAY-2024-11-00695,EMP-SZK-R&D-015,木村雄一,R&D,senior_researcher,2024-11,358419,57536,35625,102656,348924,2024-11-25,JPY,full_time,CC-004
PAY-2024-11-00696,EMP-SZK-ADM-016,松本由美,administration,manager,2024-11,360773,65749,40195,112442,354275,2024-11-25,JPY,full_time,CC-001
PAY-2024-11-00697,EMP-HMM-MAN-017,林健太郎,manufacturing,operator,2024-11,349211,20000,16129,92533,292807,2024-11-25,JPY,full_time,CC-005
PAY-2024-11-00698,EMP-HMM-SAL-018,清水千尋,sales,sales_rep,2024-11,359251,36614,44305,109629,330541,2024-11-25,JPY,full_time,CC-002
PAY-2024-11-00699,EMP-HMM-R&D-019,森本祐介,R&D,senior_researcher,2024-11,351250,79052,52170,105823,376649,2024-11-25,JPY,full_time,CC-004
PAY-2024-11-00700,EMP-HMM-ADM-020,池田愛美,administration,manager,2024-11,349514,41640,45205,98907,337452,2024-11-25,JPY,full_time,CC-001
PAY-2024-12-00701,EMP-KMM-MAN-001,田中太郎,manufacturing,operator,2024-12,325709,20000,47411,99965,293155,2024-12-25,JPY,full_time,CC-005
PAY-2024-12-00702,EMP-KMM-SAL-002,鈴木花子,sales,manager,2024-12,370781,41954,52000,107210,357525,2024-12-25,JPY,full_time,CC-002
PAY-2024-12-00703,EMP-KMM-R&D-003,佐藤健一,R&D,senior_researcher,2024-12,382299,42595,17494,113562,328826,2024-12-25,JPY,full_time,CC-004
PAY-2024-12-00704,EMP-KMM-ADM-004,高橋美咲,administration,manager,2024-12,321528,56278,52309,107785,322330,2024-12-25,JPY,full_time,CC-001
PAY-2024-12-00705,EMP-HTB-MAN-005,渡辺誠,manufacturing,engineer,2024-12,308020,20000,51996,83777,296239,2024-12-25,JPY,full_time,CC-005
PAY-2024-12-00706,EMP-HTB-SAL-006,伊藤陽子,sales,manager,2024-12,389465,76207,34641,121311,379002,2024-12-25,JPY,full_time,CC-002
PAY-2024-12-00707,EMP-HTB-R&D-007,山本大輔,R&D,researcher,2024-12,442621,47947,48893,131209,408252,2024-12-25,JPY,full_time,CC-004
PAY-2024-12-00708,EMP-HTB-ADM-008,中村麻美,administration,staff,2024-12,353697,66076,50357,117225,352905,2024-12-25,JPY,full_time,CC-001
PAY-2024-12-00709,EMP-STM-MAN-009,小林優太,manufacturing,supervisor,2024-12,325596,20000,53652,89792,309456,2024-12-25,JPY,full_time,CC-005
PAY-2024-12-00710,EMP-STM-SAL-010,加藤絵里,sales,manager,2024-12,303207,63017,24853,93219,297858,2024-12-25,JPY,full_time,CC-002
PAY-2024-12-00711,EMP-STM-R&D-011,吉田拓也,R&D,senior_researcher,2024-12,420365,76409,50753,125081,422446,2024-12-25,JPY,full_time,CC-004
PAY-2024-12-00712,EMP-STM-ADM-012,山田真理子,administration,manager,2024-12,376804,73735,46374,117523,379390,2024-12-25,JPY,full_time,CC-001
PAY-2024-12-00713,EMP-SZK-MAN-013,佐々木翔,manufacturing,operator,2024-12,337271,20000,59070,95325,321016,2024-12-25,JPY,full_time,CC-005
PAY-2024-12-00714,EMP-SZK-SAL-014,井上明日香,sales,sales_rep,2024-12,397786,60562,31961,132907,357402,2024-12-25,JPY,full_time,CC-002
PAY-2024-12-00715,EMP-SZK-R&D-015,木村雄一,R&D,senior_researcher,2024-12,358419,31199,50650,104068,336200,2024-12-25,JPY,full_time,CC-004
PAY-2024-12-00716,EMP-SZK-ADM-016,松本由美,administration,manager,2024-12,360773,79889,41131,109681,372112,2024-12-25,JPY,full_time,CC-001
PAY-2024-12-00717,EMP-HMM-MAN-017,林健太郎,manufacturing,operator,2024-12,349211,20000,58837,96291,331757,2024-12-25,JPY,full_time,CC-005
PAY-2024-12-00718,EMP-HMM-SAL-018,清水千尋,sales,sales_rep,2024-12,359251,68298,23478,115989,335038,2024-12-25,JPY,full_time,CC-002
PAY-2024-12-00719,EMP-HMM-R&D-019,森本祐介,R&D,senior_researcher,2024-12,351250,64496,44334,106635,353445,2024-12-25,JPY,full_time,CC-004
PAY-2024-12-00720,EMP-HMM-ADM-020,池田愛美,administration,manager,2024-12,349514,43450,55046,106200,341810,2024-12-25,JPY,full_time,CC-001
