purchase_order_id,line_number,material_id,material_name,material_category,material_type,product_id,unspsc_code,quantity,unit_price_ex_tax,line_subtotal_incl_tax,line_subtotal_ex_tax,line_tax_amount,line_tax_rate,line_shipping_fee_incl_tax,line_discount_incl_tax,line_total_incl_tax,reference_price_ex_tax,purchase_rule,ship_date,shipping_status,carrier_tracking_number,shipped_quantity,carrier_name,delivery_address,receiving_status,received_quantity,received_date,receiver_name,receiver_email,cost_center,project_code,department_code,account_user,user_email
PO-2025-001,1,MRO-SAFETY-GOGGLES,保護メガネ 防曇コート 10個セット,Safety Equipment,indirect,,46181504,10,190,2092,1902,190,0.1,373,-373,2092,220,該当無し,2025-04-15,delivered,DA0544643943,10,Amazon,"川崎市高津区久本3-6-1, 213-0011, 神奈川県",received,10,2025-04-17,山本進,s.yamamoto@example.com,CC-005,PRJ-2025-A,DEPT-MFG,山本進,s.yamamoto@example.com
PO-2025-002,1,MRO-COOLANT-20L,冷却液 20Lポリタンク,Factory Consumables,indirect,,15121502,1,1902,2092,1902,190,0.1,373,-373,2092,2100,該当無し,2025-05-10,delivered,DA0535086667,1,Amazon,"川崎市高津区久本3-6-1, 213-0011, 神奈川県",received,1,2025-05-12,小林誠,m.kobayashi@example.com,CC-006,PRJ-2025-A,DEPT-MFG,小林誠,m.kobayashi@example.com
PO-2025-003,1,MRO-DRILL-BIT-SET,ドリルビットセット HSS鋼 50本組,Maintenance Tools,indirect,,27112702,1,15000,16500,15000,1500,0.1,373,-373,16500,16000,該当無し,2025-05-22,delivered,DA0413645156,1,Amazon,"川崎市高津区久本3-6-1, 213-0011, 神奈川県",received,1,2025-05-24,山本進,s.yamamoto@example.com,CC-005,PRJ-2025-B,DEPT-MFG,山本進,s.yamamoto@example.com
PO-2025-004,1,PT-8500BK,ブラザー 感熱ラベルプリンター P-touch,Office Equipment,indirect,,44103203,1,38500,42350,38500,3850,0.1,550,0,42900,40000,該当無し,2025-06-08,delivered,YM0512789456,1,ヤマト運輸,"横浜市西区みなとみらい2-3-5, 220-0012, 神奈川県",received,1,2025-06-10,高橋美咲,m.takahashi@example.com,CC-003,PRJ-2025-C,DEPT-LOG,高橋美咲,m.takahashi@example.com
PO-2025-004,2,PT-TAPE24,ラベルテープ 24mm幅 10本セット,Office Supplies,indirect,,44121701,10,4650,51205,46550,4655,0.1,0,0,51205,5000,該当無し,2025-06-08,delivered,YM0512789456,10,ヤマト運輸,"横浜市西区みなとみらい2-3-5, 220-0012, 神奈川県",received,10,2025-06-10,高橋美咲,m.takahashi@example.com,CC-003,PRJ-2025-C,DEPT-LOG,高橋美咲,m.takahashi@example.com
PO-2025-005,1,MRO-LUBRICANT-5L,工業用潤滑油 5L缶 6本,Factory Supplies,indirect,,15121501,6,2083,13750,12500,1250,0.1,0,0,13750,2200,該当無し,2025-07-12,delivered,SG0703123456,6,佐川急便,"川崎市高津区久本3-6-1, 213-0011, 神奈川県",received,6,2025-07-15,山本進,s.yamamoto@example.com,CC-005,PRJ-2025-D,DEPT-MFG,山本進,s.yamamoto@example.com
PO-2025-006,1,MRO-GLOVE-L,作業用手袋 Lサイズ 50双,Safety Equipment,indirect,,46181501,50,918,50490,45900,4590,0.1,0,-2290,48090,1000,該当無し,2025-08-05,delivered,YM0815234567,50,ヤマト運輸,"川崎市高津区久本3-6-1, 213-0011, 神奈川県",received,50,2025-08-07,山本進,s.yamamoto@example.com,CC-005,PRJ-2025-E,DEPT-MFG,山本進,s.yamamoto@example.com
PO-2025-008,1,MRO-TOOL-WRENCH,トルクレンチセット 12本組,Maintenance Tools,indirect,,27112101,1,8900,9790,8900,890,0.1,0,0,9790,9500,該当無し,2025-09-25,delivered,YM1008456789,1,ヤマト運輸,"川崎市高津区久本3-6-1, 213-0011, 神奈川県",received,1,2025-09-27,山本進,s.yamamoto@example.com,CC-005,PRJ-2025-G,DEPT-MFG,山本進,s.yamamoto@example.com
PO-2025-010,1,MRO-CUTTING-FLUID,切削油 20L缶,Factory Consumables,indirect,,15121509,3,7800,24962,23400,2340,0.1,373,-1188,24962,8500,該当無し,2025-11-05,delivered,SG1201678901,3,佐川急便,"川崎市高津区久本3-6-1, 213-0011, 神奈川県",received,3,2025-11-07,小林誠,m.kobayashi@example.com,CC-006,PRJ-2025-I,DEPT-MFG,小林誠,m.kobayashi@example.com
PO-2025-050,1,MAT-STEEL-A5,鋼板材料 A5サイズ,Raw Materials,direct,F101000,30101500,2,3500,7700,7000,700,0.1,0,0,7700,4000,該当無し,2025-04-01,delivered,YM0401000050,2,ヤマト運輸,"川崎市高津区久本3-6-1, 213-0011, 神奈川県",received,2,2025-04-03,山本進,s.yamamoto@example.com,CC-005,PRJ-2025-Y,DEPT-MFG,山本進,s.yamamoto@example.com
PO-2025-050,2,MAT-ALUMINUM-B3,アルミ板材 B3サイズ,Raw Materials,direct,F101000,30101500,2,2800,6160,5600,560,0.1,0,0,6160,3300,該当無し,2025-04-01,delivered,YM0401000050,2,ヤマト運輸,"川崎市高津区久本3-6-1, 213-0011, 神奈川県",received,2,2025-04-03,小林誠,m.kobayashi@example.com,CC-006,PRJ-2025-Y,DEPT-MFG,小林誠,m.kobayashi@example.com
PO-2025-050,3,CMP-CHIP-XR5,電子部品 チップ抵抗器 XR5シリーズ,Electronic Components,direct,F101000,32141502,25,950,26125,23750,2375,0.1,0,0,26125,1450,該当無し,2025-04-01,delivered,YM0401000050,25,ヤマト運輸,"川崎市高津区久本3-6-1, 213-0011, 神奈川県",received,25,2025-04-03,山本進,s.yamamoto@example.com,CC-005,PRJ-2025-Y,DEPT-MFG,山本進,s.yamamoto@example.com
PO-2025-050,4,ENG-1500-TURBO,1.5Lターボエンジン,Powertrain,direct,F101000,20101601,1,520000,572000,520000,52000,0.1,0,0,572000,520500,該当無し,2025-04-01,delivered,YM0401000050,1,ヤマト運輸,"川崎市高津区久本3-6-1, 213-0011, 神奈川県",received,1,2025-04-03,小林誠,m.kobayashi@example.com,CC-006,PRJ-2025-Y,DEPT-MFG,小林誠,m.kobayashi@example.com
PO-2025-050,5,TRN-CVT-COMPACT,コンパクトCVTトランスミッション,Powertrain,direct,F101000,32141502,1,280000,308000,280000,28000,0.1,0,0,308000,280500,該当無し,2025-04-01,delivered,YM0401000050,1,ヤマト運輸,"川崎市高津区久本3-6-1, 213-0011, 神奈川県",received,1,2025-04-03,山本進,s.yamamoto@example.com,CC-005,PRJ-2025-Y,DEPT-MFG,山本進,s.yamamoto@example.com
PO-2025-050,6,ECU-STD-V3,標準ECU V3,Electronics,direct,F101000,32141502,1,85000,93500,85000,8500,0.1,0,0,93500,85500,該当無し,2025-04-01,delivered,YM0401000050,1,ヤマト運輸,"川崎市高津区久本3-6-1, 213-0011, 神奈川県",received,1,2025-04-03,小林誠,m.kobayashi@example.com,CC-006,PRJ-2025-Y,DEPT-MFG,小林誠,m.kobayashi@example.com
PO-2025-050,7,EXH-MANIFOLD-4CYL,4気筒エキゾーストマニホールド,Exhaust System,direct,F101000,32141502,1,48000,52800,48000,4800,0.1,0,0,52800,48500,該当無し,2025-04-01,delivered,YM0401000050,1,ヤマト運輸,"川崎市高津区久本3-6-1, 213-0011, 神奈川県",received,1,2025-04-03,山本進,s.yamamoto@example.com,CC-005,PRJ-2025-Y,DEPT-MFG,山本進,s.yamamoto@example.com
PO-2025-050,8,MFL-COMPACT-STD,コンパクトカー用マフラー,Exhaust System,direct,F101000,32141502,1,35000,38500,35000,3500,0.1,0,0,38500,35500,該当無し,2025-04-01,delivered,YM0401000050,1,ヤマト運輸,"川崎市高津区久本3-6-1, 213-0011, 神奈川県",received,1,2025-04-03,小林誠,m.kobayashi@example.com,CC-006,PRJ-2025-Y,DEPT-MFG,小林誠,m.kobayashi@example.com
PO-2025-050,9,ARM-FRONT-COMPACT,コンパクトカー用フロントアーム,Suspension,direct,F101000,32141502,2,28000,61600,56000,5600,0.1,0,0,61600,28500,該当無し,2025-04-01,delivered,YM0401000050,2,ヤマト運輸,"川崎市高津区久本3-6-1, 213-0011, 神奈川県",received,2,2025-04-03,山本進,s.yamamoto@example.com,CC-005,PRJ-2025-Y,DEPT-MFG,山本進,s.yamamoto@example.com
PO-2025-050,10,ARM-REAR-COMPACT,コンパクトカー用リアアーム,Suspension,direct,F101000,32141502,2,27000,59400,54000,5400,0.1,0,0,59400,27500,該当無し,2025-04-01,delivered,YM0401000050,2,ヤマト運輸,"川崎市高津区久本3-6-1, 213-0011, 神奈川県",received,2,2025-04-03,小林誠,m.kobayashi@example.com,CC-006,PRJ-2025-Y,DEPT-MFG,小林誠,m.kobayashi@example.com
PO-2025-050,11,BODY-PARTS-COMPACT,ボディパーツ一式（コンパクト）,Body Parts,direct,F101000,32141502,1,450000,495000,450000,45000,0.1,0,0,495000,450500,該当無し,2025-04-01,delivered,YM0401000050,1,ヤマト運輸,"川崎市高津区久本3-6-1, 213-0011, 神奈川県",received,1,2025-04-03,山本進,s.yamamoto@example.com,CC-005,PRJ-2025-Y,DEPT-MFG,山本進,s.yamamoto@example.com
PO-2025-050,12,INTERIOR-COMPACT,内装部品一式（コンパクト）,Interior,direct,F101000,32141502,1,280000,308000,280000,28000,0.1,0,0,308000,280500,該当無し,2025-04-01,delivered,YM0401000050,1,ヤマト運輸,"川崎市高津区久本3-6-1, 213-0011, 神奈川県",received,1,2025-04-03,小林誠,m.kobayashi@example.com,CC-006,PRJ-2025-Y,DEPT-MFG,小林誠,m.kobayashi@example.com
PO-2025-050,13,TIRES-COMPACT,タイヤ4本セット（コンパクト）,Tires,direct,F101000,32141502,1,55000,60500,55000,5500,0.1,0,0,60500,55500,該当無し,2025-04-01,delivered,YM0401000050,1,ヤマト運輸,"川崎市高津区久本3-6-1, 213-0011, 神奈川県",received,1,2025-04-03,山本進,s.yamamoto@example.com,CC-005,PRJ-2025-Y,DEPT-MFG,山本進,s.yamamoto@example.com
PO-2025-051,1,MAT-STEEL-A5,鋼板材料 A5サイズ,Raw Materials,direct,F102000,30101500,3,3500,11550,10500,1050,0.1,0,0,11550,4000,該当無し,2025-04-08,delivered,SG0408000051,3,佐川急便,"川崎市高津区久本3-6-1, 213-0011, 神奈川県",received,3,2025-04-10,山本進,s.yamamoto@example.com,CC-005,PRJ-2025-Z,DEPT-MFG,山本進,s.yamamoto@example.com
PO-2025-051,2,MAT-ALUMINUM-B3,アルミ板材 B3サイズ,Raw Materials,direct,F102000,30101500,2,2800,6160,5600,560,0.1,0,0,6160,3300,該当無し,2025-04-08,delivered,SG0408000051,2,佐川急便,"川崎市高津区久本3-6-1, 213-0011, 神奈川県",received,2,2025-04-10,小林誠,m.kobayashi@example.com,CC-006,PRJ-2025-Z,DEPT-MFG,小林誠,m.kobayashi@example.com
PO-2025-051,3,CMP-CHIP-XR5,電子部品 チップ抵抗器 XR5シリーズ,Electronic Components,direct,F102000,32141502,28,950,29260,26600,2660,0.1,0,0,29260,1450,該当無し,2025-04-08,delivered,SG0408000051,28,佐川急便,"川崎市高津区久本3-6-1, 213-0011, 神奈川県",received,28,2025-04-10,山本進,s.yamamoto@example.com,CC-005,PRJ-2025-Z,DEPT-MFG,山本進,s.yamamoto@example.com
PO-2025-051,4,ENG-1500-TURBO,1.5Lターボエンジン,Powertrain,direct,F102000,20101601,1,520000,572000,520000,52000,0.1,0,0,572000,520500,該当無し,2025-04-08,delivered,SG0408000051,1,佐川急便,"川崎市高津区久本3-6-1, 213-0011, 神奈川県",received,1,2025-04-10,小林誠,m.kobayashi@example.com,CC-006,PRJ-2025-Z,DEPT-MFG,小林誠,m.kobayashi@example.com
PO-2025-051,5,TRN-CVT-MINIVAN,ミニバン用CVTトランスミッション,Powertrain,direct,F102000,32141502,1,320000,352000,320000,32000,0.1,0,0,352000,320500,該当無し,2025-04-08,delivered,SG0408000051,1,佐川急便,"川崎市高津区久本3-6-1, 213-0011, 神奈川県",received,1,2025-04-10,山本進,s.yamamoto@example.com,CC-005,PRJ-2025-Z,DEPT-MFG,山本進,s.yamamoto@example.com
PO-2025-051,6,ECU-STD-V3,標準ECU V3,Electronics,direct,F102000,32141502,1,85000,93500,85000,8500,0.1,0,0,93500,85500,該当無し,2025-04-08,delivered,SG0408000051,1,佐川急便,"川崎市高津区久本3-6-1, 213-0011, 神奈川県",received,1,2025-04-10,小林誠,m.kobayashi@example.com,CC-006,PRJ-2025-Z,DEPT-MFG,小林誠,m.kobayashi@example.com
PO-2025-051,7,EXH-MANIFOLD-4CYL,4気筒エキゾーストマニホールド,Exhaust System,direct,F102000,32141502,1,48000,52800,48000,4800,0.1,0,0,52800,48500,該当無し,2025-04-08,delivered,SG0408000051,1,佐川急便,"川崎市高津区久本3-6-1, 213-0011, 神奈川県",received,1,2025-04-10,山本進,s.yamamoto@example.com,CC-005,PRJ-2025-Z,DEPT-MFG,山本進,s.yamamoto@example.com
PO-2025-051,8,MFL-MINIVAN-STD,ミニバン用標準マフラー,Exhaust System,direct,F102000,32141502,1,42000,46200,42000,4200,0.1,0,0,46200,42500,該当無し,2025-04-08,delivered,SG0408000051,1,佐川急便,"川崎市高津区久本3-6-1, 213-0011, 神奈川県",received,1,2025-04-10,小林誠,m.kobayashi@example.com,CC-006,PRJ-2025-Z,DEPT-MFG,小林誠,m.kobayashi@example.com
PO-2025-051,9,ARM-FRONT-MINIVAN,ミニバン用フロントアーム,Suspension,direct,F102000,32141502,2,32000,70400,64000,6400,0.1,0,0,70400,32500,該当無し,2025-04-08,delivered,SG0408000051,2,佐川急便,"川崎市高津区久本3-6-1, 213-0011, 神奈川県",received,2,2025-04-10,山本進,s.yamamoto@example.com,CC-005,PRJ-2025-Z,DEPT-MFG,山本進,s.yamamoto@example.com
PO-2025-051,10,ARM-REAR-MINIVAN,ミニバン用リアアーム,Suspension,direct,F102000,32141502,2,31000,68200,62000,6200,0.1,0,0,68200,31500,該当無し,2025-04-08,delivered,SG0408000051,2,佐川急便,"川崎市高津区久本3-6-1, 213-0011, 神奈川県",received,2,2025-04-10,小林誠,m.kobayashi@example.com,CC-006,PRJ-2025-Z,DEPT-MFG,小林誠,m.kobayashi@example.com
PO-2025-051,11,BODY-PARTS-MINIVAN,ボディパーツ一式（ミニバン）,Body Parts,direct,F102000,32141502,1,580000,638000,580000,58000,0.1,0,0,638000,580500,該当無し,2025-04-08,delivered,SG0408000051,1,佐川急便,"川崎市高津区久本3-6-1, 213-0011, 神奈川県",received,1,2025-04-10,山本進,s.yamamoto@example.com,CC-005,PRJ-2025-Z,DEPT-MFG,山本進,s.yamamoto@example.com
PO-2025-051,12,INTERIOR-MINIVAN,内装部品一式（ミニバン）,Interior,direct,F102000,32141502,1,380000,418000,380000,38000,0.1,0,0,418000,380500,該当無し,2025-04-08,delivered,SG0408000051,1,佐川急便,"川崎市高津区久本3-6-1, 213-0011, 神奈川県",received,1,2025-04-10,小林誠,m.kobayashi@example.com,CC-006,PRJ-2025-Z,DEPT-MFG,小林誠,m.kobayashi@example.com
PO-2025-051,13,TIRES-MINIVAN,タイヤ4本セット（ミニバン）,Tires,direct,F102000,32141502,1,62000,68200,62000,6200,0.1,0,0,68200,62500,該当無し,2025-04-08,delivered,SG0408000051,1,佐川急便,"川崎市高津区久本3-6-1, 213-0011, 神奈川県",received,1,2025-04-10,山本進,s.yamamoto@example.com,CC-005,PRJ-2025-Z,DEPT-MFG,山本進,s.yamamoto@example.com
PO-2025-052,1,MAT-STEEL-A5,鋼板材料 A5サイズ,Raw Materials,direct,F103000,30101500,2,3500,7700,7000,700,0.1,0,0,7700,4000,該当無し,2025-04-15,delivered,YM0415000052,2,ヤマト運輸,"川崎市高津区久本3-6-1, 213-0011, 神奈川県",received,2,2025-04-17,山本進,s.yamamoto@example.com,CC-005,PRJ-2025-A,DEPT-MFG,山本進,s.yamamoto@example.com
PO-2025-052,2,MAT-ALUMINUM-B3,アルミ板材 B3サイズ,Raw Materials,direct,F103000,30101500,3,2800,9240,8400,840,0.1,0,0,9240,3300,該当無し,2025-04-15,delivered,YM0415000052,3,ヤマト運輸,"川崎市高津区久本3-6-1, 213-0011, 神奈川県",received,3,2025-04-17,小林誠,m.kobayashi@example.com,CC-006,PRJ-2025-A,DEPT-MFG,小林誠,m.kobayashi@example.com
PO-2025-052,3,CMP-CHIP-XR5,電子部品 チップ抵抗器 XR5シリーズ,Electronic Components,direct,F103000,32141502,32,950,33440,30400,3040,0.1,0,0,33440,1450,該当無し,2025-04-15,delivered,YM0415000052,32,ヤマト運輸,"川崎市高津区久本3-6-1, 213-0011, 神奈川県",received,32,2025-04-17,山本進,s.yamamoto@example.com,CC-005,PRJ-2025-A,DEPT-MFG,山本進,s.yamamoto@example.com
PO-2025-052,4,ENG-1500-TURBO,1.5Lターボエンジン,Powertrain,direct,F103000,20101601,1,520000,572000,520000,52000,0.1,0,0,572000,520500,該当無し,2025-04-15,delivered,YM0415000052,1,ヤマト運輸,"川崎市高津区久本3-6-1, 213-0011, 神奈川県",received,1,2025-04-17,小林誠,m.kobayashi@example.com,CC-006,PRJ-2025-A,DEPT-MFG,小林誠,m.kobayashi@example.com
PO-2025-052,5,TRN-CVT-SUV,SUV用CVTトランスミッション,Powertrain,direct,F103000,32141502,1,310000,341000,310000,31000,0.1,0,0,341000,310500,該当無し,2025-04-15,delivered,YM0415000052,1,ヤマト運輸,"川崎市高津区久本3-6-1, 213-0011, 神奈川県",received,1,2025-04-17,山本進,s.yamamoto@example.com,CC-005,PRJ-2025-A,DEPT-MFG,山本進,s.yamamoto@example.com
PO-2025-052,6,ECU-STD-V3,標準ECU V3,Electronics,direct,F103000,32141502,1,85000,93500,85000,8500,0.1,0,0,93500,85500,該当無し,2025-04-15,delivered,YM0415000052,1,ヤマト運輸,"川崎市高津区久本3-6-1, 213-0011, 神奈川県",received,1,2025-04-17,小林誠,m.kobayashi@example.com,CC-006,PRJ-2025-A,DEPT-MFG,小林誠,m.kobayashi@example.com
PO-2025-052,7,EXH-MANIFOLD-4CYL,4気筒エキゾーストマニホールド,Exhaust System,direct,F103000,32141502,1,48000,52800,48000,4800,0.1,0,0,52800,48500,該当無し,2025-04-15,delivered,YM0415000052,1,ヤマト運輸,"川崎市高津区久本3-6-1, 213-0011, 神奈川県",received,1,2025-04-17,山本進,s.yamamoto@example.com,CC-005,PRJ-2025-A,DEPT-MFG,山本進,s.yamamoto@example.com
PO-2025-052,8,MFL-SUV-STD,SUV用標準マフラー,Exhaust System,direct,F103000,32141502,1,45000,49500,45000,4500,0.1,0,0,49500,45500,該当無し,2025-04-15,delivered,YM0415000052,1,ヤマト運輸,"川崎市高津区久本3-6-1, 213-0011, 神奈川県",received,1,2025-04-17,小林誠,m.kobayashi@example.com,CC-006,PRJ-2025-A,DEPT-MFG,小林誠,m.kobayashi@example.com
PO-2025-052,9,ARM-FRONT-SUV,SUV用フロントサスペンションアーム,Suspension,direct,F103000,32141502,2,35000,77000,70000,7000,0.1,0,0,77000,35500,該当無し,2025-04-15,delivered,YM0415000052,2,ヤマト運輸,"川崎市高津区久本3-6-1, 213-0011, 神奈川県",received,2,2025-04-17,山本進,s.yamamoto@example.com,CC-005,PRJ-2025-A,DEPT-MFG,山本進,s.yamamoto@example.com
PO-2025-052,10,ARM-REAR-SUV,SUV用リアサスペンションアーム,Suspension,direct,F103000,32141502,2,34000,74800,68000,6800,0.1,0,0,74800,34500,該当無し,2025-04-15,delivered,YM0415000052,2,ヤマト運輸,"川崎市高津区久本3-6-1, 213-0011, 神奈川県",received,2,2025-04-17,小林誠,m.kobayashi@example.com,CC-006,PRJ-2025-A,DEPT-MFG,小林誠,m.kobayashi@example.com
PO-2025-052,11,BODY-PARTS-SUV,ボディパーツ一式（SUV）,Body Parts,direct,F103000,32141502,1,620000,682000,620000,62000,0.1,0,0,682000,620500,該当無し,2025-04-15,delivered,YM0415000052,1,ヤマト運輸,"川崎市高津区久本3-6-1, 213-0011, 神奈川県",received,1,2025-04-17,山本進,s.yamamoto@example.com,CC-005,PRJ-2025-A,DEPT-MFG,山本進,s.yamamoto@example.com
PO-2025-052,12,INTERIOR-SUV,内装部品一式（SUV）,Interior,direct,F103000,32141502,1,420000,462000,420000,42000,0.1,0,0,462000,420500,該当無し,2025-04-15,delivered,YM0415000052,1,ヤマト運輸,"川崎市高津区久本3-6-1, 213-0011, 神奈川県",received,1,2025-04-17,小林誠,m.kobayashi@example.com,CC-006,PRJ-2025-A,DEPT-MFG,小林誠,m.kobayashi@example.com
PO-2025-052,13,TIRES-SUV,タイヤ4本セット（SUV）,Tires,direct,F103000,32141502,1,75000,82500,75000,7500,0.1,0,0,82500,75500,該当無し,2025-04-15,delivered,YM0415000052,1,ヤマト運輸,"川崎市高津区久本3-6-1, 213-0011, 神奈川県",received,1,2025-04-17,山本進,s.yamamoto@example.com,CC-005,PRJ-2025-A,DEPT-MFG,山本進,s.yamamoto@example.com
PO-2025-053,1,MAT-STEEL-A5,鋼板材料 A5サイズ,Raw Materials,direct,F104000,30101500,3,3500,11550,10500,1050,0.1,0,0,11550,4000,該当無し,2025-04-22,delivered,SG0422000053,3,佐川急便,"川崎市高津区久本3-6-1, 213-0011, 神奈川県",received,3,2025-04-24,山本進,s.yamamoto@example.com,CC-005,PRJ-2025-B,DEPT-MFG,山本進,s.yamamoto@example.com
PO-2025-053,2,MAT-ALUMINUM-B3,アルミ板材 B3サイズ,Raw Materials,direct,F104000,30101500,2,2800,6160,5600,560,0.1,0,0,6160,3300,該当無し,2025-04-22,delivered,SG0422000053,2,佐川急便,"川崎市高津区久本3-6-1, 213-0011, 神奈川県",received,2,2025-04-24,小林誠,m.kobayashi@example.com,CC-006,PRJ-2025-B,DEPT-MFG,小林誠,m.kobayashi@example.com
PO-2025-053,3,CMP-CHIP-XR5,電子部品 チップ抵抗器 XR5シリーズ,Electronic Components,direct,F104000,32141502,35,950,36575,33250,3325,0.1,0,0,36575,1450,該当無し,2025-04-22,delivered,SG0422000053,35,佐川急便,"川崎市高津区久本3-6-1, 213-0011, 神奈川県",received,35,2025-04-24,山本進,s.yamamoto@example.com,CC-005,PRJ-2025-B,DEPT-MFG,山本進,s.yamamoto@example.com
PO-2025-053,4,ENG-2000-HYBRID,2.0Lハイブリッド用エンジン,Powertrain,direct,F104000,20101601,1,680000,748000,680000,68000,0.1,0,0,748000,680500,該当無し,2025-04-22,delivered,SG0422000053,1,佐川急便,"川崎市高津区久本3-6-1, 213-0011, 神奈川県",received,1,2025-04-24,小林誠,m.kobayashi@example.com,CC-006,PRJ-2025-B,DEPT-MFG,小林誠,m.kobayashi@example.com
PO-2025-053,5,TRN-CVT-MINIVAN,ミニバン用CVTトランスミッション,Powertrain,direct,F104000,32141502,1,320000,352000,320000,32000,0.1,0,0,352000,320500,該当無し,2025-04-22,delivered,SG0422000053,1,佐川急便,"川崎市高津区久本3-6-1, 213-0011, 神奈川県",received,1,2025-04-24,山本進,s.yamamoto@example.com,CC-005,PRJ-2025-B,DEPT-MFG,山本進,s.yamamoto@example.com
PO-2025-053,6,ECU-HYBRID-V2,ハイブリッド用ECU V2,Electronics,direct,F104000,32141502,1,125000,137500,125000,12500,0.1,0,0,137500,125500,該当無し,2025-04-22,delivered,SG0422000053,1,佐川急便,"川崎市高津区久本3-6-1, 213-0011, 神奈川県",received,1,2025-04-24,小林誠,m.kobayashi@example.com,CC-006,PRJ-2025-B,DEPT-MFG,小林誠,m.kobayashi@example.com
PO-2025-053,7,EXH-MANIFOLD-4CYL,4気筒エキゾーストマニホールド,Exhaust System,direct,F104000,32141502,1,48000,52800,48000,4800,0.1,0,0,52800,48500,該当無し,2025-04-22,delivered,SG0422000053,1,佐川急便,"川崎市高津区久本3-6-1, 213-0011, 神奈川県",received,1,2025-04-24,山本進,s.yamamoto@example.com,CC-005,PRJ-2025-B,DEPT-MFG,山本進,s.yamamoto@example.com
PO-2025-053,8,MFL-MINIVAN-STD,ミニバン用標準マフラー,Exhaust System,direct,F104000,32141502,1,42000,46200,42000,4200,0.1,0,0,46200,42500,該当無し,2025-04-22,delivered,SG0422000053,1,佐川急便,"川崎市高津区久本3-6-1, 213-0011, 神奈川県",received,1,2025-04-24,小林誠,m.kobayashi@example.com,CC-006,PRJ-2025-B,DEPT-MFG,小林誠,m.kobayashi@example.com
PO-2025-053,9,ARM-FRONT-MINIVAN,ミニバン用フロントアーム,Suspension,direct,F104000,32141502,2,32000,70400,64000,6400,0.1,0,0,70400,32500,該当無し,2025-04-22,delivered,SG0422000053,2,佐川急便,"川崎市高津区久本3-6-1, 213-0011, 神奈川県",received,2,2025-04-24,山本進,s.yamamoto@example.com,CC-005,PRJ-2025-B,DEPT-MFG,山本進,s.yamamoto@example.com
PO-2025-053,10,ARM-REAR-MINIVAN,ミニバン用リアアーム,Suspension,direct,F104000,32141502,2,31000,68200,62000,6200,0.1,0,0,68200,31500,該当無し,2025-04-22,delivered,SG0422000053,2,佐川急便,"川崎市高津区久本3-6-1, 213-0011, 神奈川県",received,2,2025-04-24,小林誠,m.kobayashi@example.com,CC-006,PRJ-2025-B,DEPT-MFG,小林誠,m.kobayashi@example.com
PO-2025-053,11,BODY-PARTS-MINIVAN,ボディパーツ一式（ミニバン）,Body Parts,direct,F104000,32141502,1,660000,726000,660000,66000,0.1,0,0,726000,660500,該当無し,2025-04-22,delivered,SG0422000053,1,佐川急便,"川崎市高津区久本3-6-1, 213-0011, 神奈川県",received,1,2025-04-24,山本進,s.yamamoto@example.com,CC-005,PRJ-2025-B,DEPT-MFG,山本進,s.yamamoto@example.com
PO-2025-053,12,INTERIOR-MINIVAN-PREMIUM,内装部品一式（ミニバンプレミアム）,Interior,direct,F104000,32141502,1,480000,528000,480000,48000,0.1,0,0,528000,480500,該当無し,2025-04-22,delivered,SG0422000053,1,佐川急便,"川崎市高津区久本3-6-1, 213-0011, 神奈川県",received,1,2025-04-24,小林誠,m.kobayashi@example.com,CC-006,PRJ-2025-B,DEPT-MFG,小林誠,m.kobayashi@example.com
PO-2025-053,13,TIRES-MINIVAN,タイヤ4本セット（ミニバン）,Tires,direct,F104000,32141502,1,62000,68200,62000,6200,0.1,0,0,68200,62500,該当無し,2025-04-22,delivered,SG0422000053,1,佐川急便,"川崎市高津区久本3-6-1, 213-0011, 神奈川県",received,1,2025-04-24,山本進,s.yamamoto@example.com,CC-005,PRJ-2025-B,DEPT-MFG,山本進,s.yamamoto@example.com
PO-2025-054,1,MAT-STEEL-A5,鋼板材料 A5サイズ,Raw Materials,direct,F105000,30101500,2,3500,7700,7000,700,0.1,0,0,7700,4000,該当無し,2025-04-29,delivered,YM0429000054,2,ヤマト運輸,"川崎市高津区久本3-6-1, 213-0011, 神奈川県",received,2,2025-05-01,山本進,s.yamamoto@example.com,CC-005,PRJ-2025-C,DEPT-MFG,山本進,s.yamamoto@example.com
PO-2025-054,2,MAT-ALUMINUM-B3,アルミ板材 B3サイズ,Raw Materials,direct,F105000,30101500,3,2800,9240,8400,840,0.1,0,0,9240,3300,該当無し,2025-04-29,delivered,YM0429000054,3,ヤマト運輸,"川崎市高津区久本3-6-1, 213-0011, 神奈川県",received,3,2025-05-01,小林誠,m.kobayashi@example.com,CC-006,PRJ-2025-C,DEPT-MFG,小林誠,m.kobayashi@example.com
PO-2025-054,3,CMP-CHIP-XR5,電子部品 チップ抵抗器 XR5シリーズ,Electronic Components,direct,F105000,32141502,38,950,39710,36100,3610,0.1,0,0,39710,1450,該当無し,2025-04-29,delivered,YM0429000054,38,ヤマト運輸,"川崎市高津区久本3-6-1, 213-0011, 神奈川県",received,38,2025-05-01,山本進,s.yamamoto@example.com,CC-005,PRJ-2025-C,DEPT-MFG,山本進,s.yamamoto@example.com
PO-2025-054,4,ENG-2000-HYBRID,2.0Lハイブリッド用エンジン,Powertrain,direct,F105000,20101601,1,680000,748000,680000,68000,0.1,0,0,748000,680500,該当無し,2025-04-29,delivered,YM0429000054,1,ヤマト運輸,"川崎市高津区久本3-6-1, 213-0011, 神奈川県",received,1,2025-05-01,小林誠,m.kobayashi@example.com,CC-006,PRJ-2025-C,DEPT-MFG,小林誠,m.kobayashi@example.com
PO-2025-054,5,TRN-CVT-SUV,SUV用CVTトランスミッション,Powertrain,direct,F105000,32141502,1,310000,341000,310000,31000,0.1,0,0,341000,310500,該当無し,2025-04-29,delivered,YM0429000054,1,ヤマト運輸,"川崎市高津区久本3-6-1, 213-0011, 神奈川県",received,1,2025-05-01,山本進,s.yamamoto@example.com,CC-005,PRJ-2025-C,DEPT-MFG,山本進,s.yamamoto@example.com
PO-2025-054,6,ECU-HYBRID-V2,ハイブリッド用ECU V2,Electronics,direct,F105000,32141502,1,125000,137500,125000,12500,0.1,0,0,137500,125500,該当無し,2025-04-29,delivered,YM0429000054,1,ヤマト運輸,"川崎市高津区久本3-6-1, 213-0011, 神奈川県",received,1,2025-05-01,小林誠,m.kobayashi@example.com,CC-006,PRJ-2025-C,DEPT-MFG,小林誠,m.kobayashi@example.com
PO-2025-054,7,EXH-MANIFOLD-4CYL,4気筒エキゾーストマニホールド,Exhaust System,direct,F105000,32141502,1,48000,52800,48000,4800,0.1,0,0,52800,48500,該当無し,2025-04-29,delivered,YM0429000054,1,ヤマト運輸,"川崎市高津区久本3-6-1, 213-0011, 神奈川県",received,1,2025-05-01,山本進,s.yamamoto@example.com,CC-005,PRJ-2025-C,DEPT-MFG,山本進,s.yamamoto@example.com
PO-2025-054,8,MFL-SUV-STD,SUV用標準マフラー,Exhaust System,direct,F105000,32141502,1,45000,49500,45000,4500,0.1,0,0,49500,45500,該当無し,2025-04-29,delivered,YM0429000054,1,ヤマト運輸,"川崎市高津区久本3-6-1, 213-0011, 神奈川県",received,1,2025-05-01,小林誠,m.kobayashi@example.com,CC-006,PRJ-2025-C,DEPT-MFG,小林誠,m.kobayashi@example.com
PO-2025-054,9,ARM-FRONT-SUV,SUV用フロントサスペンションアーム,Suspension,direct,F105000,32141502,2,35000,77000,70000,7000,0.1,0,0,77000,35500,該当無し,2025-04-29,delivered,YM0429000054,2,ヤマト運輸,"川崎市高津区久本3-6-1, 213-0011, 神奈川県",received,2,2025-05-01,山本進,s.yamamoto@example.com,CC-005,PRJ-2025-C,DEPT-MFG,山本進,s.yamamoto@example.com
PO-2025-054,10,ARM-REAR-SUV,SUV用リアサスペンションアーム,Suspension,direct,F105000,32141502,2,34000,74800,68000,6800,0.1,0,0,74800,34500,該当無し,2025-04-29,delivered,YM0429000054,2,ヤマト運輸,"川崎市高津区久本3-6-1, 213-0011, 神奈川県",received,2,2025-05-01,小林誠,m.kobayashi@example.com,CC-006,PRJ-2025-C,DEPT-MFG,小林誠,m.kobayashi@example.com
PO-2025-054,11,BODY-PARTS-SUV,ボディパーツ一式（SUV）,Body Parts,direct,F105000,32141502,1,720000,792000,720000,72000,0.1,0,0,792000,720500,該当無し,2025-04-29,delivered,YM0429000054,1,ヤマト運輸,"川崎市高津区久本3-6-1, 213-0011, 神奈川県",received,1,2025-05-01,山本進,s.yamamoto@example.com,CC-005,PRJ-2025-C,DEPT-MFG,山本進,s.yamamoto@example.com
PO-2025-054,12,INTERIOR-SUV-PREMIUM,内装部品一式（SUVプレミアム）,Interior,direct,F105000,32141502,1,520000,572000,520000,52000,0.1,0,0,572000,520500,該当無し,2025-04-29,delivered,YM0429000054,1,ヤマト運輸,"川崎市高津区久本3-6-1, 213-0011, 神奈川県",received,1,2025-05-01,小林誠,m.kobayashi@example.com,CC-006,PRJ-2025-C,DEPT-MFG,小林誠,m.kobayashi@example.com
PO-2025-054,13,TIRES-SUV,タイヤ4本セット（SUV）,Tires,direct,F105000,32141502,1,75000,82500,75000,7500,0.1,0,0,82500,75500,該当無し,2025-04-29,delivered,YM0429000054,1,ヤマト運輸,"川崎市高津区久本3-6-1, 213-0011, 神奈川県",received,1,2025-05-01,山本進,s.yamamoto@example.com,CC-005,PRJ-2025-C,DEPT-MFG,山本進,s.yamamoto@example.com
PO-2025-055,1,MAT-STEEL-A5,鋼板材料 A5サイズ,Raw Materials,direct,F106000,30101500,4,3500,15400,14000,1400,0.1,0,0,15400,4000,該当無し,2025-05-06,delivered,SG0506000055,4,佐川急便,"川崎市高津区久本3-6-1, 213-0011, 神奈川県",received,4,2025-05-08,山本進,s.yamamoto@example.com,CC-005,PRJ-2025-D,DEPT-MFG,山本進,s.yamamoto@example.com
PO-2025-055,2,MAT-ALUMINUM-B3,アルミ板材 B3サイズ,Raw Materials,direct,F106000,30101500,2,2800,6160,5600,560,0.1,0,0,6160,3300,該当無し,2025-05-06,delivered,SG0506000055,2,佐川急便,"川崎市高津区久本3-6-1, 213-0011, 神奈川県",received,2,2025-05-08,小林誠,m.kobayashi@example.com,CC-006,PRJ-2025-D,DEPT-MFG,小林誠,m.kobayashi@example.com
PO-2025-055,3,CMP-CHIP-XR5,電子部品 チップ抵抗器 XR5シリーズ,Electronic Components,direct,F106000,32141502,42,950,43890,39900,3990,0.1,0,0,43890,1450,該当無し,2025-05-06,delivered,SG0506000055,42,佐川急便,"川崎市高津区久本3-6-1, 213-0011, 神奈川県",received,42,2025-05-08,山本進,s.yamamoto@example.com,CC-005,PRJ-2025-D,DEPT-MFG,山本進,s.yamamoto@example.com
PO-2025-055,4,ENG-2400-V6,2.4L V6エンジン,Powertrain,direct,F106000,20101601,1,850000,935000,850000,85000,0.1,0,0,935000,850500,該当無し,2025-05-06,delivered,SG0506000055,1,佐川急便,"川崎市高津区久本3-6-1, 213-0011, 神奈川県",received,1,2025-05-08,小林誠,m.kobayashi@example.com,CC-006,PRJ-2025-D,DEPT-MFG,小林誠,m.kobayashi@example.com
PO-2025-055,5,TRN-AT-10SPD,10速ATトランスミッション,Powertrain,direct,F106000,32141502,1,420000,462000,420000,42000,0.1,0,0,462000,420500,該当無し,2025-05-06,delivered,SG0506000055,1,佐川急便,"川崎市高津区久本3-6-1, 213-0011, 神奈川県",received,1,2025-05-08,山本進,s.yamamoto@example.com,CC-005,PRJ-2025-D,DEPT-MFG,山本進,s.yamamoto@example.com
PO-2025-055,6,ECU-PREMIUM-V4,プレミアムECU V4,Electronics,direct,F106000,32141502,1,155000,170500,155000,15500,0.1,0,0,170500,155500,該当無し,2025-05-06,delivered,SG0506000055,1,佐川急便,"川崎市高津区久本3-6-1, 213-0011, 神奈川県",received,1,2025-05-08,小林誠,m.kobayashi@example.com,CC-006,PRJ-2025-D,DEPT-MFG,小林誠,m.kobayashi@example.com
PO-2025-055,7,EXH-MANIFOLD-V6,V6エキゾーストマニホールド,Exhaust System,direct,F106000,32141502,1,68000,74800,68000,6800,0.1,0,0,74800,68500,該当無し,2025-05-06,delivered,SG0506000055,1,佐川急便,"川崎市高津区久本3-6-1, 213-0011, 神奈川県",received,1,2025-05-08,山本進,s.yamamoto@example.com,CC-005,PRJ-2025-D,DEPT-MFG,山本進,s.yamamoto@example.com
PO-2025-055,8,MFL-MINIVAN-PREMIUM,プレミアムミニバン用マフラー,Exhaust System,direct,F106000,32141502,1,58000,63800,58000,5800,0.1,0,0,63800,58500,該当無し,2025-05-06,delivered,SG0506000055,1,佐川急便,"川崎市高津区久本3-6-1, 213-0011, 神奈川県",received,1,2025-05-08,小林誠,m.kobayashi@example.com,CC-006,PRJ-2025-D,DEPT-MFG,小林誠,m.kobayashi@example.com
PO-2025-055,9,ARM-FRONT-MINIVAN,ミニバン用フロントアーム,Suspension,direct,F106000,32141502,2,32000,70400,64000,6400,0.1,0,0,70400,32500,該当無し,2025-05-06,delivered,SG0506000055,2,佐川急便,"川崎市高津区久本3-6-1, 213-0011, 神奈川県",received,2,2025-05-08,山本進,s.yamamoto@example.com,CC-005,PRJ-2025-D,DEPT-MFG,山本進,s.yamamoto@example.com
PO-2025-055,10,ARM-REAR-MINIVAN,ミニバン用リアアーム,Suspension,direct,F106000,32141502,2,31000,68200,62000,6200,0.1,0,0,68200,31500,該当無し,2025-05-06,delivered,SG0506000055,2,佐川急便,"川崎市高津区久本3-6-1, 213-0011, 神奈川県",received,2,2025-05-08,小林誠,m.kobayashi@example.com,CC-006,PRJ-2025-D,DEPT-MFG,小林誠,m.kobayashi@example.com
PO-2025-055,11,BODY-PARTS-PREMIUM,ボディパーツ一式（プレミアム）,Body Parts,direct,F106000,32141502,1,620000,682000,620000,62000,0.1,0,0,682000,620500,該当無し,2025-05-06,delivered,SG0506000055,1,佐川急便,"川崎市高津区久本3-6-1, 213-0011, 神奈川県",received,1,2025-05-08,山本進,s.yamamoto@example.com,CC-005,PRJ-2025-D,DEPT-MFG,山本進,s.yamamoto@example.com
PO-2025-055,12,INTERIOR-PREMIUM,内装部品一式（プレミアム）,Interior,direct,F106000,32141502,1,480000,528000,480000,48000,0.1,0,0,528000,480500,該当無し,2025-05-06,delivered,SG0506000055,1,佐川急便,"川崎市高津区久本3-6-1, 213-0011, 神奈川県",received,1,2025-05-08,小林誠,m.kobayashi@example.com,CC-006,PRJ-2025-D,DEPT-MFG,小林誠,m.kobayashi@example.com
PO-2025-055,13,TIRES-PREMIUM,タイヤ4本セット（プレミアム）,Tires,direct,F106000,32141502,1,95000,104500,95000,9500,0.1,0,0,104500,95500,該当無し,2025-05-06,delivered,SG0506000055,1,佐川急便,"川崎市高津区久本3-6-1, 213-0011, 神奈川県",received,1,2025-05-08,山本進,s.yamamoto@example.com,CC-005,PRJ-2025-D,DEPT-MFG,山本進,s.yamamoto@example.com
PO-2025-056,1,MAT-STEEL-A5,鋼板材料 A5サイズ,Raw Materials,direct,F107000,30101500,3,3500,11550,10500,1050,0.1,0,0,11550,4000,該当無し,2025-05-13,delivered,YM0513000056,3,ヤマト運輸,"川崎市高津区久本3-6-1, 213-0011, 神奈川県",received,3,2025-05-15,山本進,s.yamamoto@example.com,CC-005,PRJ-2025-E,DEPT-MFG,山本進,s.yamamoto@example.com
PO-2025-056,2,MAT-ALUMINUM-B3,アルミ板材 B3サイズ,Raw Materials,direct,F107000,30101500,4,2800,12320,11200,1120,0.1,0,0,12320,3300,該当無し,2025-05-13,delivered,YM0513000056,4,ヤマト運輸,"川崎市高津区久本3-6-1, 213-0011, 神奈川県",received,4,2025-05-15,小林誠,m.kobayashi@example.com,CC-006,PRJ-2025-E,DEPT-MFG,小林誠,m.kobayashi@example.com
PO-2025-056,3,CMP-CHIP-XR5,電子部品 チップ抵抗器 XR5シリーズ,Electronic Components,direct,F107000,32141502,48,950,50160,45600,4560,0.1,0,0,50160,1450,該当無し,2025-05-13,delivered,YM0513000056,48,ヤマト運輸,"川崎市高津区久本3-6-1, 213-0011, 神奈川県",received,48,2025-05-15,山本進,s.yamamoto@example.com,CC-005,PRJ-2025-E,DEPT-MFG,山本進,s.yamamoto@example.com
PO-2025-056,4,ENG-3500-V6,3.5L V6エンジン,Powertrain,direct,F107000,20101601,1,1050000,1155000,1050000,105000,0.1,0,0,1155000,1050500,該当無し,2025-05-13,delivered,YM0513000056,1,ヤマト運輸,"川崎市高津区久本3-6-1, 213-0011, 神奈川県",received,1,2025-05-15,小林誠,m.kobayashi@example.com,CC-006,PRJ-2025-E,DEPT-MFG,小林誠,m.kobayashi@example.com
PO-2025-056,5,TRN-AT-9SPD,9速ATトランスミッション,Powertrain,direct,F107000,32141502,1,380000,418000,380000,38000,0.1,0,0,418000,380500,該当無し,2025-05-13,delivered,YM0513000056,1,ヤマト運輸,"川崎市高津区久本3-6-1, 213-0011, 神奈川県",received,1,2025-05-15,山本進,s.yamamoto@example.com,CC-005,PRJ-2025-E,DEPT-MFG,山本進,s.yamamoto@example.com
PO-2025-056,6,ECU-PREMIUM-V4,プレミアムECU V4,Electronics,direct,F107000,32141502,1,155000,170500,155000,15500,0.1,0,0,170500,155500,該当無し,2025-05-13,delivered,YM0513000056,1,ヤマト運輸,"川崎市高津区久本3-6-1, 213-0011, 神奈川県",received,1,2025-05-15,小林誠,m.kobayashi@example.com,CC-006,PRJ-2025-E,DEPT-MFG,小林誠,m.kobayashi@example.com
PO-2025-056,7,EXH-MANIFOLD-V6,V6エキゾーストマニホールド,Exhaust System,direct,F107000,32141502,1,68000,74800,68000,6800,0.1,0,0,74800,68500,該当無し,2025-05-13,delivered,YM0513000056,1,ヤマト運輸,"川崎市高津区久本3-6-1, 213-0011, 神奈川県",received,1,2025-05-15,山本進,s.yamamoto@example.com,CC-005,PRJ-2025-E,DEPT-MFG,山本進,s.yamamoto@example.com
PO-2025-056,8,MFL-SUV-PREMIUM,プレミアムSUV用マフラー,Exhaust System,direct,F107000,32141502,1,65000,71500,65000,6500,0.1,0,0,71500,65500,該当無し,2025-05-13,delivered,YM0513000056,1,ヤマト運輸,"川崎市高津区久本3-6-1, 213-0011, 神奈川県",received,1,2025-05-15,小林誠,m.kobayashi@example.com,CC-006,PRJ-2025-E,DEPT-MFG,小林誠,m.kobayashi@example.com
PO-2025-056,9,ARM-FRONT-PREMIUM-SUV,プレミアムSUV用フロントアーム,Suspension,direct,F107000,32141502,2,48000,105600,96000,9600,0.1,0,0,105600,48500,該当無し,2025-05-13,delivered,YM0513000056,2,ヤマト運輸,"川崎市高津区久本3-6-1, 213-0011, 神奈川県",received,2,2025-05-15,山本進,s.yamamoto@example.com,CC-005,PRJ-2025-E,DEPT-MFG,山本進,s.yamamoto@example.com
PO-2025-056,10,ARM-REAR-PREMIUM-SUV,プレミアムSUV用リアアーム,Suspension,direct,F107000,32141502,2,47000,103400,94000,9400,0.1,0,0,103400,47500,該当無し,2025-05-13,delivered,YM0513000056,2,ヤマト運輸,"川崎市高津区久本3-6-1, 213-0011, 神奈川県",received,2,2025-05-15,小林誠,m.kobayashi@example.com,CC-006,PRJ-2025-E,DEPT-MFG,小林誠,m.kobayashi@example.com
PO-2025-056,11,BODY-PARTS-PREMIUM-SUV,ボディパーツ一式（プレミアムSUV）,Body Parts,direct,F107000,32141502,1,720000,792000,720000,72000,0.1,0,0,792000,720500,該当無し,2025-05-13,delivered,YM0513000056,1,ヤマト運輸,"川崎市高津区久本3-6-1, 213-0011, 神奈川県",received,1,2025-05-15,山本進,s.yamamoto@example.com,CC-005,PRJ-2025-E,DEPT-MFG,山本進,s.yamamoto@example.com
PO-2025-056,12,INTERIOR-PREMIUM-SUV,内装部品一式（プレミアムSUV）,Interior,direct,F107000,32141502,1,550000,605000,550000,55000,0.1,0,0,605000,550500,該当無し,2025-05-13,delivered,YM0513000056,1,ヤマト運輸,"川崎市高津区久本3-6-1, 213-0011, 神奈川県",received,1,2025-05-15,小林誠,m.kobayashi@example.com,CC-006,PRJ-2025-E,DEPT-MFG,小林誠,m.kobayashi@example.com
PO-2025-056,13,TIRES-PREMIUM-SUV,タイヤ4本セット（プレミアムSUV）,Tires,direct,F107000,32141502,1,110000,121000,110000,11000,0.1,0,0,121000,110500,該当無し,2025-05-13,delivered,YM0513000056,1,ヤマト運輸,"川崎市高津区久本3-6-1, 213-0011, 神奈川県",received,1,2025-05-15,山本進,s.yamamoto@example.com,CC-005,PRJ-2025-E,DEPT-MFG,山本進,s.yamamoto@example.com
PO-2025-057,1,MAT-STEEL-A5,鋼板材料 A5サイズ,Raw Materials,direct,F108000,30101500,5,3500,19250,17500,1750,0.1,0,0,19250,4000,該当無し,2025-05-20,delivered,SG0520000057,5,佐川急便,"川崎市高津区久本3-6-1, 213-0011, 神奈川県",received,5,2025-05-22,山本進,s.yamamoto@example.com,CC-005,PRJ-2025-F,DEPT-MFG,山本進,s.yamamoto@example.com
PO-2025-057,2,MAT-ALUMINUM-B3,アルミ板材 B3サイズ,Raw Materials,direct,F108000,30101500,3,2800,9240,8400,840,0.1,0,0,9240,3300,該当無し,2025-05-20,delivered,SG0520000057,3,佐川急便,"川崎市高津区久本3-6-1, 213-0011, 神奈川県",received,3,2025-05-22,小林誠,m.kobayashi@example.com,CC-006,PRJ-2025-F,DEPT-MFG,小林誠,m.kobayashi@example.com
PO-2025-057,3,CMP-CHIP-XR5,電子部品 チップ抵抗器 XR5シリーズ,Electronic Components,direct,F108000,32141502,45,950,47025,42750,4275,0.1,0,0,47025,1450,該当無し,2025-05-20,delivered,SG0520000057,45,佐川急便,"川崎市高津区久本3-6-1, 213-0011, 神奈川県",received,45,2025-05-22,山本進,s.yamamoto@example.com,CC-005,PRJ-2025-F,DEPT-MFG,山本進,s.yamamoto@example.com
PO-2025-057,4,ENG-3500-V6,3.5L V6エンジン,Powertrain,direct,F108000,20101601,1,1050000,1155000,1050000,105000,0.1,0,0,1155000,1050500,該当無し,2025-05-20,delivered,SG0520000057,1,佐川急便,"川崎市高津区久本3-6-1, 213-0011, 神奈川県",received,1,2025-05-22,小林誠,m.kobayashi@example.com,CC-006,PRJ-2025-F,DEPT-MFG,小林誠,m.kobayashi@example.com
PO-2025-057,5,TRN-AT-9SPD,9速ATトランスミッション,Powertrain,direct,F108000,32141502,1,380000,418000,380000,38000,0.1,0,0,418000,380500,該当無し,2025-05-20,delivered,SG0520000057,1,佐川急便,"川崎市高津区久本3-6-1, 213-0011, 神奈川県",received,1,2025-05-22,山本進,s.yamamoto@example.com,CC-005,PRJ-2025-F,DEPT-MFG,山本進,s.yamamoto@example.com
PO-2025-057,6,ECU-PREMIUM-V4,プレミアムECU V4,Electronics,direct,F108000,32141502,1,155000,170500,155000,15500,0.1,0,0,170500,155500,該当無し,2025-05-20,delivered,SG0520000057,1,佐川急便,"川崎市高津区久本3-6-1, 213-0011, 神奈川県",received,1,2025-05-22,小林誠,m.kobayashi@example.com,CC-006,PRJ-2025-F,DEPT-MFG,小林誠,m.kobayashi@example.com
PO-2025-057,7,EXH-MANIFOLD-V6,V6エキゾーストマニホールド,Exhaust System,direct,F108000,32141502,1,68000,74800,68000,6800,0.1,0,0,74800,68500,該当無し,2025-05-20,delivered,SG0520000057,1,佐川急便,"川崎市高津区久本3-6-1, 213-0011, 神奈川県",received,1,2025-05-22,山本進,s.yamamoto@example.com,CC-005,PRJ-2025-F,DEPT-MFG,山本進,s.yamamoto@example.com
PO-2025-057,8,MFL-TRUCK-STD,トラック用標準マフラー,Exhaust System,direct,F108000,32141502,1,72000,79200,72000,7200,0.1,0,0,79200,72500,該当無し,2025-05-20,delivered,SG0520000057,1,佐川急便,"川崎市高津区久本3-6-1, 213-0011, 神奈川県",received,1,2025-05-22,小林誠,m.kobayashi@example.com,CC-006,PRJ-2025-F,DEPT-MFG,小林誠,m.kobayashi@example.com
PO-2025-057,9,ARM-FRONT-TRUCK,トラック用フロントアーム,Suspension,direct,F108000,32141502,2,55000,121000,110000,11000,0.1,0,0,121000,55500,該当無し,2025-05-20,delivered,SG0520000057,2,佐川急便,"川崎市高津区久本3-6-1, 213-0011, 神奈川県",received,2,2025-05-22,山本進,s.yamamoto@example.com,CC-005,PRJ-2025-F,DEPT-MFG,山本進,s.yamamoto@example.com
PO-2025-057,10,ARM-REAR-TRUCK,トラック用リアアーム,Suspension,direct,F108000,32141502,2,54000,118800,108000,10800,0.1,0,0,118800,54500,該当無し,2025-05-20,delivered,SG0520000057,2,佐川急便,"川崎市高津区久本3-6-1, 213-0011, 神奈川県",received,2,2025-05-22,小林誠,m.kobayashi@example.com,CC-006,PRJ-2025-F,DEPT-MFG,小林誠,m.kobayashi@example.com
PO-2025-057,11,BODY-PARTS-TRUCK,ボディパーツ一式（トラック）,Body Parts,direct,F108000,32141502,1,850000,935000,850000,85000,0.1,0,0,935000,850500,該当無し,2025-05-20,delivered,SG0520000057,1,佐川急便,"川崎市高津区久本3-6-1, 213-0011, 神奈川県",received,1,2025-05-22,山本進,s.yamamoto@example.com,CC-005,PRJ-2025-F,DEPT-MFG,山本進,s.yamamoto@example.com
PO-2025-057,12,INTERIOR-TRUCK,内装部品一式（トラック）,Interior,direct,F108000,32141502,1,520000,572000,520000,52000,0.1,0,0,572000,520500,該当無し,2025-05-20,delivered,SG0520000057,1,佐川急便,"川崎市高津区久本3-6-1, 213-0011, 神奈川県",received,1,2025-05-22,小林誠,m.kobayashi@example.com,CC-006,PRJ-2025-F,DEPT-MFG,小林誠,m.kobayashi@example.com
PO-2025-057,13,TIRES-TRUCK,タイヤ4本セット（トラック）,Tires,direct,F108000,32141502,1,125000,137500,125000,12500,0.1,0,0,137500,125500,該当無し,2025-05-20,delivered,SG0520000057,1,佐川急便,"川崎市高津区久本3-6-1, 213-0011, 神奈川県",received,1,2025-05-22,山本進,s.yamamoto@example.com,CC-005,PRJ-2025-F,DEPT-MFG,山本進,s.yamamoto@example.com
PO-2025-058,1,MAT-STEEL-A5,鋼板材料 A5サイズ,Raw Materials,direct,F109000,30101500,3,3500,11550,10500,1050,0.1,0,0,11550,4000,該当無し,2025-05-27,delivered,YM0527000058,3,ヤマト運輸,"川崎市高津区久本3-6-1, 213-0011, 神奈川県",received,3,2025-05-29,山本進,s.yamamoto@example.com,CC-005,PRJ-2025-G,DEPT-MFG,山本進,s.yamamoto@example.com
PO-2025-058,2,MAT-ALUMINUM-B3,アルミ板材 B3サイズ,Raw Materials,direct,F109000,30101500,3,2800,9240,8400,840,0.1,0,0,9240,3300,該当無し,2025-05-27,delivered,YM0527000058,3,ヤマト運輸,"川崎市高津区久本3-6-1, 213-0011, 神奈川県",received,3,2025-05-29,小林誠,m.kobayashi@example.com,CC-006,PRJ-2025-G,DEPT-MFG,小林誠,m.kobayashi@example.com
PO-2025-058,3,CMP-CHIP-XR5,電子部品 チップ抵抗器 XR5シリーズ,Electronic Components,direct,F109000,32141502,40,950,41800,38000,3800,0.1,0,0,41800,1450,該当無し,2025-05-27,delivered,YM0527000058,40,ヤマト運輸,"川崎市高津区久本3-6-1, 213-0011, 神奈川県",received,40,2025-05-29,山本進,s.yamamoto@example.com,CC-005,PRJ-2025-G,DEPT-MFG,山本進,s.yamamoto@example.com
PO-2025-058,4,ENG-2400-V6,2.4L V6エンジン,Powertrain,direct,F109000,20101601,1,850000,935000,850000,85000,0.1,0,0,935000,850500,該当無し,2025-05-27,delivered,YM0527000058,1,ヤマト運輸,"川崎市高津区久本3-6-1, 213-0011, 神奈川県",received,1,2025-05-29,小林誠,m.kobayashi@example.com,CC-006,PRJ-2025-G,DEPT-MFG,小林誠,m.kobayashi@example.com
PO-2025-058,5,TRN-AT-10SPD,10速ATトランスミッション,Powertrain,direct,F109000,32141502,1,420000,462000,420000,42000,0.1,0,0,462000,420500,該当無し,2025-05-27,delivered,YM0527000058,1,ヤマト運輸,"川崎市高津区久本3-6-1, 213-0011, 神奈川県",received,1,2025-05-29,山本進,s.yamamoto@example.com,CC-005,PRJ-2025-G,DEPT-MFG,山本進,s.yamamoto@example.com
PO-2025-058,6,ECU-STD-V3,標準ECU V3,Electronics,direct,F109000,32141502,1,85000,93500,85000,8500,0.1,0,0,93500,85500,該当無し,2025-05-27,delivered,YM0527000058,1,ヤマト運輸,"川崎市高津区久本3-6-1, 213-0011, 神奈川県",received,1,2025-05-29,小林誠,m.kobayashi@example.com,CC-006,PRJ-2025-G,DEPT-MFG,小林誠,m.kobayashi@example.com
PO-2025-058,7,EXH-MANIFOLD-V6,V6エキゾーストマニホールド,Exhaust System,direct,F109000,32141502,1,68000,74800,68000,6800,0.1,0,0,74800,68500,該当無し,2025-05-27,delivered,YM0527000058,1,ヤマト運輸,"川崎市高津区久本3-6-1, 213-0011, 神奈川県",received,1,2025-05-29,山本進,s.yamamoto@example.com,CC-005,PRJ-2025-G,DEPT-MFG,山本進,s.yamamoto@example.com
PO-2025-058,8,MFL-SUV-STD,SUV用標準マフラー,Exhaust System,direct,F109000,32141502,1,45000,49500,45000,4500,0.1,0,0,49500,45500,該当無し,2025-05-27,delivered,YM0527000058,1,ヤマト運輸,"川崎市高津区久本3-6-1, 213-0011, 神奈川県",received,1,2025-05-29,小林誠,m.kobayashi@example.com,CC-006,PRJ-2025-G,DEPT-MFG,小林誠,m.kobayashi@example.com
PO-2025-058,9,ARM-FRONT-SUV,SUV用フロントサスペンションアーム,Suspension,direct,F109000,32141502,2,35000,77000,70000,7000,0.1,0,0,77000,35500,該当無し,2025-05-27,delivered,YM0527000058,2,ヤマト運輸,"川崎市高津区久本3-6-1, 213-0011, 神奈川県",received,2,2025-05-29,山本進,s.yamamoto@example.com,CC-005,PRJ-2025-G,DEPT-MFG,山本進,s.yamamoto@example.com
PO-2025-058,10,ARM-REAR-SUV,SUV用リアサスペンションアーム,Suspension,direct,F109000,32141502,2,34000,74800,68000,6800,0.1,0,0,74800,34500,該当無し,2025-05-27,delivered,YM0527000058,2,ヤマト運輸,"川崎市高津区久本3-6-1, 213-0011, 神奈川県",received,2,2025-05-29,小林誠,m.kobayashi@example.com,CC-006,PRJ-2025-G,DEPT-MFG,小林誠,m.kobayashi@example.com
PO-2025-058,11,BODY-PARTS-SUV,ボディパーツ一式（SUV）,Body Parts,direct,F109000,32141502,1,750000,825000,750000,75000,0.1,0,0,825000,750500,該当無し,2025-05-27,delivered,YM0527000058,1,ヤマト運輸,"川崎市高津区久本3-6-1, 213-0011, 神奈川県",received,1,2025-05-29,山本進,s.yamamoto@example.com,CC-005,PRJ-2025-G,DEPT-MFG,山本進,s.yamamoto@example.com
PO-2025-058,12,INTERIOR-SUV,内装部品一式（SUV）,Interior,direct,F109000,32141502,1,480000,528000,480000,48000,0.1,0,0,528000,480500,該当無し,2025-05-27,delivered,YM0527000058,1,ヤマト運輸,"川崎市高津区久本3-6-1, 213-0011, 神奈川県",received,1,2025-05-29,小林誠,m.kobayashi@example.com,CC-006,PRJ-2025-G,DEPT-MFG,小林誠,m.kobayashi@example.com
PO-2025-058,13,TIRES-SUV,タイヤ4本セット（SUV）,Tires,direct,F109000,32141502,1,75000,82500,75000,7500,0.1,0,0,82500,75500,該当無し,2025-05-27,delivered,YM0527000058,1,ヤマト運輸,"川崎市高津区久本3-6-1, 213-0011, 神奈川県",received,1,2025-05-29,山本進,s.yamamoto@example.com,CC-005,PRJ-2025-G,DEPT-MFG,山本進,s.yamamoto@example.com
PO-2025-059,1,MAT-STEEL-A5,鋼板材料 A5サイズ,Raw Materials,direct,F110000,30101500,2,3500,7700,7000,700,0.1,0,0,7700,4000,該当無し,2025-06-03,delivered,SG0603000059,2,佐川急便,"川崎市高津区久本3-6-1, 213-0011, 神奈川県",received,2,2025-06-05,山本進,s.yamamoto@example.com,CC-005,PRJ-2025-H,DEPT-MFG,山本進,s.yamamoto@example.com
PO-2025-059,2,MAT-ALUMINUM-B3,アルミ板材 B3サイズ,Raw Materials,direct,F110000,30101500,2,2800,6160,5600,560,0.1,0,0,6160,3300,該当無し,2025-06-03,delivered,SG0603000059,2,佐川急便,"川崎市高津区久本3-6-1, 213-0011, 神奈川県",received,2,2025-06-05,小林誠,m.kobayashi@example.com,CC-006,PRJ-2025-H,DEPT-MFG,小林誠,m.kobayashi@example.com
PO-2025-059,3,CMP-CHIP-XR5,電子部品 チップ抵抗器 XR5シリーズ,Electronic Components,direct,F110000,32141502,30,950,31350,28500,2850,0.1,0,0,31350,1450,該当無し,2025-06-03,delivered,SG0603000059,30,佐川急便,"川崎市高津区久本3-6-1, 213-0011, 神奈川県",received,30,2025-06-05,山本進,s.yamamoto@example.com,CC-005,PRJ-2025-H,DEPT-MFG,山本進,s.yamamoto@example.com
PO-2025-059,4,ENG-1500-TURBO,1.5Lターボエンジン,Powertrain,direct,F110000,20101601,1,520000,572000,520000,52000,0.1,0,0,572000,520500,該当無し,2025-06-03,delivered,SG0603000059,1,佐川急便,"川崎市高津区久本3-6-1, 213-0011, 神奈川県",received,1,2025-06-05,小林誠,m.kobayashi@example.com,CC-006,PRJ-2025-H,DEPT-MFG,小林誠,m.kobayashi@example.com
PO-2025-059,5,TRN-CVT-COMPACT,コンパクトCVTトランスミッション,Powertrain,direct,F110000,32141502,1,280000,308000,280000,28000,0.1,0,0,308000,280500,該当無し,2025-06-03,delivered,SG0603000059,1,佐川急便,"川崎市高津区久本3-6-1, 213-0011, 神奈川県",received,1,2025-06-05,山本進,s.yamamoto@example.com,CC-005,PRJ-2025-H,DEPT-MFG,山本進,s.yamamoto@example.com
PO-2025-059,6,ECU-STD-V3,標準ECU V3,Electronics,direct,F110000,32141502,1,85000,93500,85000,8500,0.1,0,0,93500,85500,該当無し,2025-06-03,delivered,SG0603000059,1,佐川急便,"川崎市高津区久本3-6-1, 213-0011, 神奈川県",received,1,2025-06-05,小林誠,m.kobayashi@example.com,CC-006,PRJ-2025-H,DEPT-MFG,小林誠,m.kobayashi@example.com
PO-2025-059,7,EXH-MANIFOLD-4CYL,4気筒エキゾーストマニホールド,Exhaust System,direct,F110000,32141502,1,48000,52800,48000,4800,0.1,0,0,52800,48500,該当無し,2025-06-03,delivered,SG0603000059,1,佐川急便,"川崎市高津区久本3-6-1, 213-0011, 神奈川県",received,1,2025-06-05,山本進,s.yamamoto@example.com,CC-005,PRJ-2025-H,DEPT-MFG,山本進,s.yamamoto@example.com
PO-2025-059,8,MFL-SUV-COMPACT,コンパクトSUV用マフラー,Exhaust System,direct,F110000,32141502,1,38000,41800,38000,3800,0.1,0,0,41800,38500,該当無し,2025-06-03,delivered,SG0603000059,1,佐川急便,"川崎市高津区久本3-6-1, 213-0011, 神奈川県",received,1,2025-06-05,小林誠,m.kobayashi@example.com,CC-006,PRJ-2025-H,DEPT-MFG,小林誠,m.kobayashi@example.com
PO-2025-059,9,ARM-FRONT-COMPACT,コンパクトカー用フロントアーム,Suspension,direct,F110000,32141502,2,28000,61600,56000,5600,0.1,0,0,61600,28500,該当無し,2025-06-03,delivered,SG0603000059,2,佐川急便,"川崎市高津区久本3-6-1, 213-0011, 神奈川県",received,2,2025-06-05,山本進,s.yamamoto@example.com,CC-005,PRJ-2025-H,DEPT-MFG,山本進,s.yamamoto@example.com
PO-2025-059,10,ARM-REAR-COMPACT,コンパクトカー用リアアーム,Suspension,direct,F110000,32141502,2,27000,59400,54000,5400,0.1,0,0,59400,27500,該当無し,2025-06-03,delivered,SG0603000059,2,佐川急便,"川崎市高津区久本3-6-1, 213-0011, 神奈川県",received,2,2025-06-05,小林誠,m.kobayashi@example.com,CC-006,PRJ-2025-H,DEPT-MFG,小林誠,m.kobayashi@example.com
PO-2025-059,11,BODY-PARTS-COMPACT-SUV,ボディパーツ一式（コンパクトSUV）,Body Parts,direct,F110000,32141502,1,520000,572000,520000,52000,0.1,0,0,572000,520500,該当無し,2025-06-03,delivered,SG0603000059,1,佐川急便,"川崎市高津区久本3-6-1, 213-0011, 神奈川県",received,1,2025-06-05,山本進,s.yamamoto@example.com,CC-005,PRJ-2025-H,DEPT-MFG,山本進,s.yamamoto@example.com
PO-2025-059,12,INTERIOR-COMPACT-SUV,内装部品一式（コンパクトSUV）,Interior,direct,F110000,32141502,1,320000,352000,320000,32000,0.1,0,0,352000,320500,該当無し,2025-06-03,delivered,SG0603000059,1,佐川急便,"川崎市高津区久本3-6-1, 213-0011, 神奈川県",received,1,2025-06-05,小林誠,m.kobayashi@example.com,CC-006,PRJ-2025-H,DEPT-MFG,小林誠,m.kobayashi@example.com
PO-2025-059,13,TIRES-COMPACT-SUV,タイヤ4本セット（コンパクトSUV）,Tires,direct,F110000,32141502,1,68000,74800,68000,6800,0.1,0,0,74800,68500,該当無し,2025-06-03,delivered,SG0603000059,1,佐川急便,"川崎市高津区久本3-6-1, 213-0011, 神奈川県",received,1,2025-06-05,山本進,s.yamamoto@example.com,CC-005,PRJ-2025-H,DEPT-MFG,山本進,s.yamamoto@example.com
PO-2025-060,1,MAT-STEEL-A5,鋼板材料 A5サイズ,Raw Materials,direct,F111000,30101500,3,3500,11550,10500,1050,0.1,0,0,11550,4000,該当無し,2025-06-10,delivered,YM0610000060,3,ヤマト運輸,"川崎市高津区久本3-6-1, 213-0011, 神奈川県",received,3,2025-06-12,山本進,s.yamamoto@example.com,CC-005,PRJ-2025-I,DEPT-MFG,山本進,s.yamamoto@example.com
PO-2025-060,2,MAT-ALUMINUM-B3,アルミ板材 B3サイズ,Raw Materials,direct,F111000,30101500,3,2800,9240,8400,840,0.1,0,0,9240,3300,該当無し,2025-06-10,delivered,YM0610000060,3,ヤマト運輸,"川崎市高津区久本3-6-1, 213-0011, 神奈川県",received,3,2025-06-12,小林誠,m.kobayashi@example.com,CC-006,PRJ-2025-I,DEPT-MFG,小林誠,m.kobayashi@example.com
PO-2025-060,3,CMP-CHIP-XR5,電子部品 チップ抵抗器 XR5シリーズ,Electronic Components,direct,F111000,32141502,45,950,47025,42750,4275,0.1,0,0,47025,1450,該当無し,2025-06-10,delivered,YM0610000060,45,ヤマト運輸,"川崎市高津区久本3-6-1, 213-0011, 神奈川県",received,45,2025-06-12,山本進,s.yamamoto@example.com,CC-005,PRJ-2025-I,DEPT-MFG,山本進,s.yamamoto@example.com
PO-2025-060,4,ENG-2000-TURBO,2.0Lターボエンジン,Powertrain,direct,F111000,20101601,1,620000,682000,620000,62000,0.1,0,0,682000,620500,該当無し,2025-06-10,delivered,YM0610000060,1,ヤマト運輸,"川崎市高津区久本3-6-1, 213-0011, 神奈川県",received,1,2025-06-12,小林誠,m.kobayashi@example.com,CC-006,PRJ-2025-I,DEPT-MFG,小林誠,m.kobayashi@example.com
PO-2025-060,5,TRN-AT-10SPD,10速ATトランスミッション,Powertrain,direct,F111000,32141502,1,420000,462000,420000,42000,0.1,0,0,462000,420500,該当無し,2025-06-10,delivered,YM0610000060,1,ヤマト運輸,"川崎市高津区久本3-6-1, 213-0011, 神奈川県",received,1,2025-06-12,山本進,s.yamamoto@example.com,CC-005,PRJ-2025-I,DEPT-MFG,山本進,s.yamamoto@example.com
PO-2025-060,6,ECU-STD-V3,標準ECU V3,Electronics,direct,F111000,32141502,1,85000,93500,85000,8500,0.1,0,0,93500,85500,該当無し,2025-06-10,delivered,YM0610000060,1,ヤマト運輸,"川崎市高津区久本3-6-1, 213-0011, 神奈川県",received,1,2025-06-12,小林誠,m.kobayashi@example.com,CC-006,PRJ-2025-I,DEPT-MFG,小林誠,m.kobayashi@example.com
PO-2025-060,7,EXH-MANIFOLD-4CYL,4気筒エキゾーストマニホールド,Exhaust System,direct,F111000,32141502,1,48000,52800,48000,4800,0.1,0,0,52800,48500,該当無し,2025-06-10,delivered,YM0610000060,1,ヤマト運輸,"川崎市高津区久本3-6-1, 213-0011, 神奈川県",received,1,2025-06-12,山本進,s.yamamoto@example.com,CC-005,PRJ-2025-I,DEPT-MFG,山本進,s.yamamoto@example.com
PO-2025-060,8,MFL-SEDAN-PREMIUM,プレミアムセダン用マフラー,Exhaust System,direct,F111000,32141502,1,52000,57200,52000,5200,0.1,0,0,57200,52500,該当無し,2025-06-10,delivered,YM0610000060,1,ヤマト運輸,"川崎市高津区久本3-6-1, 213-0011, 神奈川県",received,1,2025-06-12,小林誠,m.kobayashi@example.com,CC-006,PRJ-2025-I,DEPT-MFG,小林誠,m.kobayashi@example.com
PO-2025-060,9,ARM-FRONT-SEDAN,セダン用フロントアーム,Suspension,direct,F111000,32141502,2,36000,79200,72000,7200,0.1,0,0,79200,36500,該当無し,2025-06-10,delivered,YM0610000060,2,ヤマト運輸,"川崎市高津区久本3-6-1, 213-0011, 神奈川県",received,2,2025-06-12,山本進,s.yamamoto@example.com,CC-005,PRJ-2025-I,DEPT-MFG,山本進,s.yamamoto@example.com
PO-2025-060,10,ARM-REAR-SEDAN,セダン用リアアーム,Suspension,direct,F111000,32141502,2,35000,77000,70000,7000,0.1,0,0,77000,35500,該当無し,2025-06-10,delivered,YM0610000060,2,ヤマト運輸,"川崎市高津区久本3-6-1, 213-0011, 神奈川県",received,2,2025-06-12,小林誠,m.kobayashi@example.com,CC-006,PRJ-2025-I,DEPT-MFG,小林誠,m.kobayashi@example.com
PO-2025-060,11,BODY-PARTS-SEDAN,ボディパーツ一式（セダン）,Body Parts,direct,F111000,32141502,1,880000,968000,880000,88000,0.1,0,0,968000,880500,該当無し,2025-06-10,delivered,YM0610000060,1,ヤマト運輸,"川崎市高津区久本3-6-1, 213-0011, 神奈川県",received,1,2025-06-12,山本進,s.yamamoto@example.com,CC-005,PRJ-2025-I,DEPT-MFG,山本進,s.yamamoto@example.com
PO-2025-060,12,INTERIOR-SEDAN-PREMIUM,内装部品一式（セダンプレミアム）,Interior,direct,F111000,32141502,1,680000,748000,680000,68000,0.1,0,0,748000,680500,該当無し,2025-06-10,delivered,YM0610000060,1,ヤマト運輸,"川崎市高津区久本3-6-1, 213-0011, 神奈川県",received,1,2025-06-12,小林誠,m.kobayashi@example.com,CC-006,PRJ-2025-I,DEPT-MFG,小林誠,m.kobayashi@example.com
PO-2025-060,13,TIRES-SEDAN,タイヤ4本セット（セダン）,Tires,direct,F111000,32141502,1,88000,96800,88000,8800,0.1,0,0,96800,88500,該当無し,2025-06-10,delivered,YM0610000060,1,ヤマト運輸,"川崎市高津区久本3-6-1, 213-0011, 神奈川県",received,1,2025-06-12,山本進,s.yamamoto@example.com,CC-005,PRJ-2025-I,DEPT-MFG,山本進,s.yamamoto@example.com
PO-2025-061,1,MAT-ALUMINUM-B3,アルミ板材 B3サイズ,Raw Materials,direct,F201000,30101500,4,2800,12320,11200,1120,0.1,0,0,12320,3300,該当無し,2025-06-17,delivered,SG0617000061,4,佐川急便,"川崎市高津区久本3-6-1, 213-0011, 神奈川県",received,4,2025-06-19,山本進,s.yamamoto@example.com,CC-005,PRJ-2025-J,DEPT-MFG,山本進,s.yamamoto@example.com
PO-2025-061,2,CMP-CHIP-XR5,電子部品 チップ抵抗器 XR5シリーズ,Electronic Components,direct,F201000,32141502,55,950,57475,52250,5225,0.1,0,0,57475,1450,該当無し,2025-06-17,delivered,SG0617000061,55,佐川急便,"川崎市高津区久本3-6-1, 213-0011, 神奈川県",received,55,2025-06-19,小林誠,m.kobayashi@example.com,CC-006,PRJ-2025-J,DEPT-MFG,小林誠,m.kobayashi@example.com
PO-2025-061,3,MTR-EV-COMPACT,コンパクトEV用モーター,EV Powertrain,direct,F201000,20101601,1,680000,748000,680000,68000,0.1,0,0,748000,680500,該当無し,2025-06-17,delivered,SG0617000061,1,佐川急便,"川崎市高津区久本3-6-1, 213-0011, 神奈川県",received,1,2025-06-19,山本進,s.yamamoto@example.com,CC-005,PRJ-2025-J,DEPT-MFG,山本進,s.yamamoto@example.com
PO-2025-061,4,BAT-PACK-35KWH,35kWhバッテリーパック,EV Battery,direct,F201000,32141502,1,1450000,1595000,1450000,145000,0.1,0,0,1595000,1450500,該当無し,2025-06-17,delivered,SG0617000061,1,佐川急便,"川崎市高津区久本3-6-1, 213-0011, 神奈川県",received,1,2025-06-19,小林誠,m.kobayashi@example.com,CC-006,PRJ-2025-J,DEPT-MFG,小林誠,m.kobayashi@example.com
PO-2025-061,5,INV-EV-COMPACT,コンパクトEV用インバーター,EV Electronics,direct,F201000,32141502,1,285000,313500,285000,28500,0.1,0,0,313500,285500,該当無し,2025-06-17,delivered,SG0617000061,1,佐川急便,"川崎市高津区久本3-6-1, 213-0011, 神奈川県",received,1,2025-06-19,山本進,s.yamamoto@example.com,CC-005,PRJ-2025-J,DEPT-MFG,山本進,s.yamamoto@example.com
PO-2025-061,6,ECU-EV-V5,EV専用ECU V5,EV Electronics,direct,F201000,32141502,1,145000,159500,145000,14500,0.1,0,0,159500,145500,該当無し,2025-06-17,delivered,SG0617000061,1,佐川急便,"川崎市高津区久本3-6-1, 213-0011, 神奈川県",received,1,2025-06-19,小林誠,m.kobayashi@example.com,CC-006,PRJ-2025-J,DEPT-MFG,小林誠,m.kobayashi@example.com
PO-2025-061,7,ARM-FRONT-COMPACT,コンパクトカー用フロントアーム,Suspension,direct,F201000,32141502,2,28000,61600,56000,5600,0.1,0,0,61600,28500,該当無し,2025-06-17,delivered,SG0617000061,2,佐川急便,"川崎市高津区久本3-6-1, 213-0011, 神奈川県",received,2,2025-06-19,山本進,s.yamamoto@example.com,CC-005,PRJ-2025-J,DEPT-MFG,山本進,s.yamamoto@example.com
PO-2025-061,8,ARM-REAR-COMPACT,コンパクトカー用リアアーム,Suspension,direct,F201000,32141502,2,27000,59400,54000,5400,0.1,0,0,59400,27500,該当無し,2025-06-17,delivered,SG0617000061,2,佐川急便,"川崎市高津区久本3-6-1, 213-0011, 神奈川県",received,2,2025-06-19,小林誠,m.kobayashi@example.com,CC-006,PRJ-2025-J,DEPT-MFG,小林誠,m.kobayashi@example.com
PO-2025-061,9,BODY-PARTS-EV-COMPACT,ボディパーツ一式（コンパクトEV）,Body Parts,direct,F201000,32141502,1,580000,638000,580000,58000,0.1,0,0,638000,580500,該当無し,2025-06-17,delivered,SG0617000061,1,佐川急便,"川崎市高津区久本3-6-1, 213-0011, 神奈川県",received,1,2025-06-19,山本進,s.yamamoto@example.com,CC-005,PRJ-2025-J,DEPT-MFG,山本進,s.yamamoto@example.com
PO-2025-061,10,INTERIOR-EV-COMPACT,内装部品一式（コンパクトEV）,Interior,direct,F201000,32141502,1,450000,495000,450000,45000,0.1,0,0,495000,450500,該当無し,2025-06-17,delivered,SG0617000061,1,佐川急便,"川崎市高津区久本3-6-1, 213-0011, 神奈川県",received,1,2025-06-19,小林誠,m.kobayashi@example.com,CC-006,PRJ-2025-J,DEPT-MFG,小林誠,m.kobayashi@example.com
PO-2025-061,11,TIRES-COMPACT,タイヤ4本セット（コンパクト）,Tires,direct,F201000,32141502,1,55000,60500,55000,5500,0.1,0,0,60500,55500,該当無し,2025-06-17,delivered,SG0617000061,1,佐川急便,"川崎市高津区久本3-6-1, 213-0011, 神奈川県",received,1,2025-06-19,山本進,s.yamamoto@example.com,CC-005,PRJ-2025-J,DEPT-MFG,山本進,s.yamamoto@example.com
PO-2025-062,1,MAT-ALUMINUM-B3,アルミ板材 B3サイズ,Raw Materials,direct,F202000,30101500,3,2800,9240,8400,840,0.1,0,0,9240,3300,該当無し,2025-06-24,delivered,YM0624000062,3,ヤマト運輸,"川崎市高津区久本3-6-1, 213-0011, 神奈川県",received,3,2025-06-26,山本進,s.yamamoto@example.com,CC-005,PRJ-2025-K,DEPT-MFG,山本進,s.yamamoto@example.com
PO-2025-062,2,CMP-CHIP-XR5,電子部品 チップ抵抗器 XR5シリーズ,Electronic Components,direct,F202000,32141502,48,950,50160,45600,4560,0.1,0,0,50160,1450,該当無し,2025-06-24,delivered,YM0624000062,48,ヤマト運輸,"川崎市高津区久本3-6-1, 213-0011, 神奈川県",received,48,2025-06-26,小林誠,m.kobayashi@example.com,CC-006,PRJ-2025-K,DEPT-MFG,小林誠,m.kobayashi@example.com
PO-2025-062,3,MTR-EV-COMPACT,コンパクトEV用モーター,EV Powertrain,direct,F202000,20101601,1,680000,748000,680000,68000,0.1,0,0,748000,680500,該当無し,2025-06-24,delivered,YM0624000062,1,ヤマト運輸,"川崎市高津区久本3-6-1, 213-0011, 神奈川県",received,1,2025-06-26,山本進,s.yamamoto@example.com,CC-005,PRJ-2025-K,DEPT-MFG,山本進,s.yamamoto@example.com
PO-2025-062,4,BAT-PACK-35KWH,35kWhバッテリーパック,EV Battery,direct,F202000,32141502,1,1450000,1595000,1450000,145000,0.1,0,0,1595000,1450500,該当無し,2025-06-24,delivered,YM0624000062,1,ヤマト運輸,"川崎市高津区久本3-6-1, 213-0011, 神奈川県",received,1,2025-06-26,小林誠,m.kobayashi@example.com,CC-006,PRJ-2025-K,DEPT-MFG,小林誠,m.kobayashi@example.com
PO-2025-062,5,INV-EV-COMPACT,コンパクトEV用インバーター,EV Electronics,direct,F202000,32141502,1,285000,313500,285000,28500,0.1,0,0,313500,285500,該当無し,2025-06-24,delivered,YM0624000062,1,ヤマト運輸,"川崎市高津区久本3-6-1, 213-0011, 神奈川県",received,1,2025-06-26,山本進,s.yamamoto@example.com,CC-005,PRJ-2025-K,DEPT-MFG,山本進,s.yamamoto@example.com
PO-2025-062,6,ECU-EV-V5,EV専用ECU V5,EV Electronics,direct,F202000,32141502,1,145000,159500,145000,14500,0.1,0,0,159500,145500,該当無し,2025-06-24,delivered,YM0624000062,1,ヤマト運輸,"川崎市高津区久本3-6-1, 213-0011, 神奈川県",received,1,2025-06-26,小林誠,m.kobayashi@example.com,CC-006,PRJ-2025-K,DEPT-MFG,小林誠,m.kobayashi@example.com
PO-2025-062,7,ARM-FRONT-COMPACT,コンパクトカー用フロントアーム,Suspension,direct,F202000,32141502,2,28000,61600,56000,5600,0.1,0,0,61600,28500,該当無し,2025-06-24,delivered,YM0624000062,2,ヤマト運輸,"川崎市高津区久本3-6-1, 213-0011, 神奈川県",received,2,2025-06-26,山本進,s.yamamoto@example.com,CC-005,PRJ-2025-K,DEPT-MFG,山本進,s.yamamoto@example.com
PO-2025-062,8,ARM-REAR-COMPACT,コンパクトカー用リアアーム,Suspension,direct,F202000,32141502,2,27000,59400,54000,5400,0.1,0,0,59400,27500,該当無し,2025-06-24,delivered,YM0624000062,2,ヤマト運輸,"川崎市高津区久本3-6-1, 213-0011, 神奈川県",received,2,2025-06-26,小林誠,m.kobayashi@example.com,CC-006,PRJ-2025-K,DEPT-MFG,小林誠,m.kobayashi@example.com
PO-2025-062,9,BODY-PARTS-EV-COMPACT-SUV,ボディパーツ一式（コンパクトSUV EV）,Body Parts,direct,F202000,32141502,1,530000,583000,530000,53000,0.1,0,0,583000,530500,該当無し,2025-06-24,delivered,YM0624000062,1,ヤマト運輸,"川崎市高津区久本3-6-1, 213-0011, 神奈川県",received,1,2025-06-26,山本進,s.yamamoto@example.com,CC-005,PRJ-2025-K,DEPT-MFG,山本進,s.yamamoto@example.com
PO-2025-062,10,INTERIOR-EV-COMPACT-SUV,内装部品一式（コンパクトSUV EV）,Interior,direct,F202000,32141502,1,380000,418000,380000,38000,0.1,0,0,418000,380500,該当無し,2025-06-24,delivered,YM0624000062,1,ヤマト運輸,"川崎市高津区久本3-6-1, 213-0011, 神奈川県",received,1,2025-06-26,小林誠,m.kobayashi@example.com,CC-006,PRJ-2025-K,DEPT-MFG,小林誠,m.kobayashi@example.com
PO-2025-062,11,TIRES-COMPACT-SUV,タイヤ4本セット（コンパクトSUV）,Tires,direct,F202000,32141502,1,68000,74800,68000,6800,0.1,0,0,74800,68500,該当無し,2025-06-24,delivered,YM0624000062,1,ヤマト運輸,"川崎市高津区久本3-6-1, 213-0011, 神奈川県",received,1,2025-06-26,山本進,s.yamamoto@example.com,CC-005,PRJ-2025-K,DEPT-MFG,山本進,s.yamamoto@example.com
PO-2025-063,1,MAT-ALUMINUM-B3,アルミ板材 B3サイズ,Raw Materials,direct,F203000,30101500,5,2800,15400,14000,1400,0.1,0,0,15400,3300,該当無し,2025-07-01,delivered,SG0701000063,5,佐川急便,"川崎市高津区久本3-6-1, 213-0011, 神奈川県",received,5,2025-07-03,山本進,s.yamamoto@example.com,CC-005,PRJ-2025-L,DEPT-MFG,山本進,s.yamamoto@example.com
PO-2025-063,2,CMP-CHIP-XR5,電子部品 チップ抵抗器 XR5シリーズ,Electronic Components,direct,F203000,32141502,65,950,67925,61750,6175,0.1,0,0,67925,1450,該当無し,2025-07-01,delivered,SG0701000063,65,佐川急便,"川崎市高津区久本3-6-1, 213-0011, 神奈川県",received,65,2025-07-03,小林誠,m.kobayashi@example.com,CC-006,PRJ-2025-L,DEPT-MFG,小林誠,m.kobayashi@example.com
PO-2025-063,3,MTR-EV-SUV,SUV用EVモーター,EV Powertrain,direct,F203000,20101601,1,920000,1012000,920000,92000,0.1,0,0,1012000,920500,該当無し,2025-07-01,delivered,SG0701000063,1,佐川急便,"川崎市高津区久本3-6-1, 213-0011, 神奈川県",received,1,2025-07-03,山本進,s.yamamoto@example.com,CC-005,PRJ-2025-L,DEPT-MFG,山本進,s.yamamoto@example.com
PO-2025-063,4,BAT-PACK-68KWH,68kWhバッテリーパック,EV Battery,direct,F203000,32141502,1,2150000,2365000,2150000,215000,0.1,0,0,2365000,2150500,該当無し,2025-07-01,delivered,SG0701000063,1,佐川急便,"川崎市高津区久本3-6-1, 213-0011, 神奈川県",received,1,2025-07-03,小林誠,m.kobayashi@example.com,CC-006,PRJ-2025-L,DEPT-MFG,小林誠,m.kobayashi@example.com
PO-2025-063,5,INV-EV-SUV,SUV用EVインバーター,EV Electronics,direct,F203000,32141502,1,380000,418000,380000,38000,0.1,0,0,418000,380500,該当無し,2025-07-01,delivered,SG0701000063,1,佐川急便,"川崎市高津区久本3-6-1, 213-0011, 神奈川県",received,1,2025-07-03,山本進,s.yamamoto@example.com,CC-005,PRJ-2025-L,DEPT-MFG,山本進,s.yamamoto@example.com
PO-2025-063,6,ECU-EV-V5,EV専用ECU V5,EV Electronics,direct,F203000,32141502,1,145000,159500,145000,14500,0.1,0,0,159500,145500,該当無し,2025-07-01,delivered,SG0701000063,1,佐川急便,"川崎市高津区久本3-6-1, 213-0011, 神奈川県",received,1,2025-07-03,小林誠,m.kobayashi@example.com,CC-006,PRJ-2025-L,DEPT-MFG,小林誠,m.kobayashi@example.com
PO-2025-063,7,ARM-FRONT-SUV,SUV用フロントサスペンションアーム,Suspension,direct,F203000,32141502,2,35000,77000,70000,7000,0.1,0,0,77000,35500,該当無し,2025-07-01,delivered,SG0701000063,2,佐川急便,"川崎市高津区久本3-6-1, 213-0011, 神奈川県",received,2,2025-07-03,山本進,s.yamamoto@example.com,CC-005,PRJ-2025-L,DEPT-MFG,山本進,s.yamamoto@example.com
PO-2025-063,8,ARM-REAR-SUV,SUV用リアサスペンションアーム,Suspension,direct,F203000,32141502,2,34000,74800,68000,6800,0.1,0,0,74800,34500,該当無し,2025-07-01,delivered,SG0701000063,2,佐川急便,"川崎市高津区久本3-6-1, 213-0011, 神奈川県",received,2,2025-07-03,小林誠,m.kobayashi@example.com,CC-006,PRJ-2025-L,DEPT-MFG,小林誠,m.kobayashi@example.com
PO-2025-063,9,BODY-PARTS-EV-SUV,ボディパーツ一式（SUV EV）,Body Parts,direct,F203000,32141502,1,780000,858000,780000,78000,0.1,0,0,858000,780500,該当無し,2025-07-01,delivered,SG0701000063,1,佐川急便,"川崎市高津区久本3-6-1, 213-0011, 神奈川県",received,1,2025-07-03,山本進,s.yamamoto@example.com,CC-005,PRJ-2025-L,DEPT-MFG,山本進,s.yamamoto@example.com
PO-2025-063,10,INTERIOR-EV-SUV,内装部品一式（SUV EV）,Interior,direct,F203000,32141502,1,580000,638000,580000,58000,0.1,0,0,638000,580500,該当無し,2025-07-01,delivered,SG0701000063,1,佐川急便,"川崎市高津区久本3-6-1, 213-0011, 神奈川県",received,1,2025-07-03,小林誠,m.kobayashi@example.com,CC-006,PRJ-2025-L,DEPT-MFG,小林誠,m.kobayashi@example.com
PO-2025-063,11,TIRES-SUV,タイヤ4本セット（SUV）,Tires,direct,F203000,32141502,1,75000,82500,75000,7500,0.1,0,0,82500,75500,該当無し,2025-07-01,delivered,SG0701000063,1,佐川急便,"川崎市高津区久本3-6-1, 213-0011, 神奈川県",received,1,2025-07-03,山本進,s.yamamoto@example.com,CC-005,PRJ-2025-L,DEPT-MFG,山本進,s.yamamoto@example.com
PO-2025-064,1,MAT-ALUMINUM-B3,アルミ板材 B3サイズ,Raw Materials,direct,F204000,30101500,6,2800,18480,16800,1680,0.1,0,0,18480,3300,該当無し,2025-07-08,delivered,YM0708000064,6,ヤマト運輸,"川崎市高津区久本3-6-1, 213-0011, 神奈川県",received,6,2025-07-10,山本進,s.yamamoto@example.com,CC-005,PRJ-2025-M,DEPT-MFG,山本進,s.yamamoto@example.com
PO-2025-064,2,CMP-CHIP-XR5,電子部品 チップ抵抗器 XR5シリーズ,Electronic Components,direct,F204000,32141502,75,950,78375,71250,7125,0.1,0,0,78375,1450,該当無し,2025-07-08,delivered,YM0708000064,75,ヤマト運輸,"川崎市高津区久本3-6-1, 213-0011, 神奈川県",received,75,2025-07-10,小林誠,m.kobayashi@example.com,CC-006,PRJ-2025-M,DEPT-MFG,小林誠,m.kobayashi@example.com
PO-2025-064,3,MTR-EV-PREMIUM,プレミアムEV用モーター,EV Powertrain,direct,F204000,20101601,1,1280000,1408000,1280000,128000,0.1,0,0,1408000,1280500,該当無し,2025-07-08,delivered,YM0708000064,1,ヤマト運輸,"川崎市高津区久本3-6-1, 213-0011, 神奈川県",received,1,2025-07-10,山本進,s.yamamoto@example.com,CC-005,PRJ-2025-M,DEPT-MFG,山本進,s.yamamoto@example.com
PO-2025-064,4,BAT-PACK-85KWH,85kWhバッテリーパック,EV Battery,direct,F204000,32141502,1,2850000,3135000,2850000,285000,0.1,0,0,3135000,2850500,該当無し,2025-07-08,delivered,YM0708000064,1,ヤマト運輸,"川崎市高津区久本3-6-1, 213-0011, 神奈川県",received,1,2025-07-10,小林誠,m.kobayashi@example.com,CC-006,PRJ-2025-M,DEPT-MFG,小林誠,m.kobayashi@example.com
PO-2025-064,5,INV-EV-PREMIUM,プレミアムEV用インバーター,EV Electronics,direct,F204000,32141502,1,520000,572000,520000,52000,0.1,0,0,572000,520500,該当無し,2025-07-08,delivered,YM0708000064,1,ヤマト運輸,"川崎市高津区久本3-6-1, 213-0011, 神奈川県",received,1,2025-07-10,山本進,s.yamamoto@example.com,CC-005,PRJ-2025-M,DEPT-MFG,山本進,s.yamamoto@example.com
PO-2025-064,6,ECU-EV-PREMIUM-V6,プレミアムEV用ECU V6,EV Electronics,direct,F204000,32141502,1,220000,242000,220000,22000,0.1,0,0,242000,220500,該当無し,2025-07-08,delivered,YM0708000064,1,ヤマト運輸,"川崎市高津区久本3-6-1, 213-0011, 神奈川県",received,1,2025-07-10,小林誠,m.kobayashi@example.com,CC-006,PRJ-2025-M,DEPT-MFG,小林誠,m.kobayashi@example.com
PO-2025-064,7,ARM-FRONT-PREMIUM-SUV,プレミアムSUV用フロントアーム,Suspension,direct,F204000,32141502,2,48000,105600,96000,9600,0.1,0,0,105600,48500,該当無し,2025-07-08,delivered,YM0708000064,2,ヤマト運輸,"川崎市高津区久本3-6-1, 213-0011, 神奈川県",received,2,2025-07-10,山本進,s.yamamoto@example.com,CC-005,PRJ-2025-M,DEPT-MFG,山本進,s.yamamoto@example.com
PO-2025-064,8,ARM-REAR-PREMIUM-SUV,プレミアムSUV用リアアーム,Suspension,direct,F204000,32141502,2,47000,103400,94000,9400,0.1,0,0,103400,47500,該当無し,2025-07-08,delivered,YM0708000064,2,ヤマト運輸,"川崎市高津区久本3-6-1, 213-0011, 神奈川県",received,2,2025-07-10,小林誠,m.kobayashi@example.com,CC-006,PRJ-2025-M,DEPT-MFG,小林誠,m.kobayashi@example.com
PO-2025-064,9,BODY-PARTS-EV-PREMIUM,ボディパーツ一式（プレミアムEV）,Body Parts,direct,F204000,32141502,1,1020000,1122000,1020000,102000,0.1,0,0,1122000,1020500,該当無し,2025-07-08,delivered,YM0708000064,1,ヤマト運輸,"川崎市高津区久本3-6-1, 213-0011, 神奈川県",received,1,2025-07-10,山本進,s.yamamoto@example.com,CC-005,PRJ-2025-M,DEPT-MFG,山本進,s.yamamoto@example.com
PO-2025-064,10,INTERIOR-EV-PREMIUM,内装部品一式（プレミアムEV）,Interior,direct,F204000,32141502,1,880000,968000,880000,88000,0.1,0,0,968000,880500,該当無し,2025-07-08,delivered,YM0708000064,1,ヤマト運輸,"川崎市高津区久本3-6-1, 213-0011, 神奈川県",received,1,2025-07-10,小林誠,m.kobayashi@example.com,CC-006,PRJ-2025-M,DEPT-MFG,小林誠,m.kobayashi@example.com
PO-2025-064,11,TIRES-PREMIUM-SUV,タイヤ4本セット（プレミアムSUV）,Tires,direct,F204000,32141502,1,110000,121000,110000,11000,0.1,0,0,121000,110500,該当無し,2025-07-08,delivered,YM0708000064,1,ヤマト運輸,"川崎市高津区久本3-6-1, 213-0011, 神奈川県",received,1,2025-07-10,山本進,s.yamamoto@example.com,CC-005,PRJ-2025-M,DEPT-MFG,山本進,s.yamamoto@example.com

