price_condition_id,product_id,product_name,customer_id,customer_name,list_price_ex_tax,selling_price_ex_tax,discount_rate,price_type,minimum_order_quantity,currency,valid_from,valid_to,remarks
PC-9312380E,FIT-GR3,FIT,DEAL-001,Honda Cars 東京中央,2287854,2173461,0.05,standard,1,JPY,2022-01-01,2022-01-31,標準価格（割引率: 5%）
PC-426D6BD7,FIT-GR3,FIT,DEAL-001,Honda Cars 東京中央,2287854,2059068,0.10,promotional,1,JPY,2022-02-01,2022-02-28,キャンペーン期間中の特別価格（通常割引: 5% → 10%）
PC-2F3A2580,FIT-GR3,FIT,DEAL-001,Honda Cars 東京中央,2287854,2173461,0.05,standard,1,JPY,2022-03-01,2023-12-31,標準価格（割引率: 5%）
PC-C4E23334,FIT-GR3,FIT,DEAL-001,Honda Cars 東京中央,2425125,2303869,0.05,standard,1,JPY,2024-01-01,2024-03-31,標準価格（割引率: 5%）
PC-FA355D66,FIT-GR3,FIT,DEAL-001,Honda Cars 東京中央,2425125,2182612,0.10,promotional,1,JPY,2024-04-01,2024-04-30,キャンペーン期間中の特別価格（通常割引: 5% → 10%）
PC-E653350D,FIT-GR3,FIT,DEAL-001,Honda Cars 東京中央,2425125,2303869,0.05,standard,1,JPY,2024-05-01,2025-12-31,標準価格（割引率: 5%）
PC-0949C2E2,FIT-GR3,FIT,DEAL-002,Honda Cars 大阪,2287854,2173461,0.05,standard,1,JPY,2022-01-01,2023-12-31,標準価格（割引率: 5%）
PC-B4B8826F,FIT-GR3,FIT,DEAL-002,Honda Cars 大阪,2425125,2303869,0.05,standard,1,JPY,2024-01-01,2024-10-31,標準価格（割引率: 5%）
PC-76C8CE0F,FIT-GR3,FIT,DEAL-002,Honda Cars 大阪,2425125,2182612,0.10,promotional,1,JPY,2024-11-01,2024-11-30,キャンペーン期間中の特別価格（通常割引: 5% → 10%）
PC-E36D2963,FIT-GR3,FIT,DEAL-002,Honda Cars 大阪,2425125,2303869,0.05,standard,1,JPY,2024-12-01,2025-12-31,標準価格（割引率: 5%）
PC-6544AF02,FIT-GR3,FIT,DEAL-003,Honda Cars 横浜,2287854,2150582,0.06,standard,1,JPY,2022-01-01,2022-07-31,標準価格（割引率: 6%）
PC-12BAC59B,FIT-GR3,FIT,DEAL-003,Honda Cars 横浜,2287854,2013311,0.12,promotional,1,JPY,2022-08-01,2022-08-31,キャンペーン期間中の特別価格（通常割引: 6% → 12%）
PC-B95D99DD,FIT-GR3,FIT,DEAL-003,Honda Cars 横浜,2287854,2150582,0.06,standard,1,JPY,2022-09-01,2023-12-31,標準価格（割引率: 6%）
PC-63909C13,FIT-GR3,FIT,DEAL-003,Honda Cars 横浜,2425125,2279617,0.06,standard,1,JPY,2024-01-01,2024-08-31,標準価格（割引率: 6%）
PC-C21BD50C,FIT-GR3,FIT,DEAL-003,Honda Cars 横浜,2425125,2134110,0.12,promotional,1,JPY,2024-09-01,2024-09-30,キャンペーン期間中の特別価格（通常割引: 6% → 12%）
PC-77A1EE3F,FIT-GR3,FIT,DEAL-003,Honda Cars 横浜,2425125,2279617,0.06,standard,1,JPY,2024-10-01,2025-12-31,標準価格（割引率: 6%）
PC-FD0EC1E4,FIT-GR3,FIT,DEAL-004,Honda Cars 名古屋,2287854,2173461,0.05,standard,1,JPY,2022-01-01,2022-06-30,標準価格（割引率: 5%）
PC-2DA966D4,FIT-GR3,FIT,DEAL-004,Honda Cars 名古屋,2287854,2059068,0.10,promotional,1,JPY,2022-07-01,2022-07-31,キャンペーン期間中の特別価格（通常割引: 5% → 10%）
PC-16D3A9F3,FIT-GR3,FIT,DEAL-004,Honda Cars 名古屋,2287854,2173461,0.05,standard,1,JPY,2022-08-01,2023-12-31,標準価格（割引率: 5%）
PC-826EBA6E,FIT-GR3,FIT,DEAL-004,Honda Cars 名古屋,2425125,2303869,0.05,standard,1,JPY,2024-01-01,2025-12-31,標準価格（割引率: 5%）
PC-CB75922E,FIT-GR3,FIT,DEAL-005,Honda Cars 福岡,2287854,2127704,0.07,standard,1,JPY,2022-01-01,2023-12-31,標準価格（割引率: 7%）
PC-78AD8637,FIT-GR3,FIT,DEAL-005,Honda Cars 福岡,2425125,2255366,0.07,standard,1,JPY,2024-01-01,2025-12-31,標準価格（割引率: 7%）
PC-BED32B02,FIT-GR3,FIT,DEAL-006,Honda of America,2287854,2059068,0.10,standard,5,JPY,2022-01-01,2022-01-01,標準価格（割引率: 10%）
PC-BED32B02,FIT-GR3,FIT,DEAL-006,Honda of America,2287854,1830283,0.20,promotional,5,JPY,2022-01-01,2022-01-31,キャンペーン期間中の特別価格（通常割引: 10% → 20%）
PC-AA9B8095,FIT-GR3,FIT,DEAL-006,Honda of America,2287854,2059068,0.10,standard,5,JPY,2022-02-01,2023-12-31,標準価格（割引率: 10%）
PC-6F6E40F1,FIT-GR3,FIT,DEAL-006,Honda of America,2425125,2182612,0.10,standard,5,JPY,2024-01-01,2024-08-31,標準価格（割引率: 10%）
PC-C8C15546,FIT-GR3,FIT,DEAL-006,Honda of America,2425125,1940100,0.20,promotional,5,JPY,2024-09-01,2024-09-30,キャンペーン期間中の特別価格（通常割引: 10% → 20%）
PC-E2F13978,FIT-GR3,FIT,DEAL-006,Honda of America,2425125,2182612,0.10,standard,5,JPY,2024-10-01,2025-12-31,標準価格（割引率: 10%）
PC-605A3BBE,FIT-GR3,FIT,DEAL-007,Honda Europe,2287854,2013311,0.12,standard,5,JPY,2022-01-01,2022-02-28,標準価格（割引率: 12%）
PC-388B4F91,FIT-GR3,FIT,DEAL-007,Honda Europe,2287854,1738769,0.24,promotional,5,JPY,2022-03-01,2022-03-31,キャンペーン期間中の特別価格（通常割引: 12% → 24%）
PC-BE185128,FIT-GR3,FIT,DEAL-007,Honda Europe,2287854,2013311,0.12,standard,5,JPY,2022-04-01,2023-12-31,標準価格（割引率: 12%）
PC-B92EDA26,FIT-GR3,FIT,DEAL-007,Honda Europe,2425125,2134110,0.12,standard,5,JPY,2024-01-01,2025-12-31,標準価格（割引率: 12%）
PC-12801EB4,FIT-GR3,FIT,DEAL-008,Honda China,2287854,2036190,0.11,standard,5,JPY,2022-01-01,2022-02-28,標準価格（割引率: 11%）
PC-6D416980,FIT-GR3,FIT,DEAL-008,Honda China,2287854,1784526,0.22,promotional,5,JPY,2022-03-01,2022-03-31,キャンペーン期間中の特別価格（通常割引: 11% → 22%）
PC-497B8F22,FIT-GR3,FIT,DEAL-008,Honda China,2287854,2036190,0.11,standard,5,JPY,2022-04-01,2023-12-31,標準価格（割引率: 11%）
PC-CA0E277B,FIT-GR3,FIT,DEAL-008,Honda China,2425125,2158361,0.11,standard,5,JPY,2024-01-01,2025-12-31,標準価格（割引率: 11%）
PC-7B88A73F,FRD-GB5,FREED,DEAL-001,Honda Cars 東京中央,2836939,2695092,0.05,standard,1,JPY,2022-01-01,2022-01-31,標準価格（割引率: 5%）
PC-002C8131,FRD-GB5,FREED,DEAL-001,Honda Cars 東京中央,2836939,2553245,0.10,promotional,1,JPY,2022-02-01,2022-02-28,キャンペーン期間中の特別価格（通常割引: 5% → 10%）
PC-EDFC765F,FRD-GB5,FREED,DEAL-001,Honda Cars 東京中央,2836939,2695092,0.05,standard,1,JPY,2022-03-01,2023-12-31,標準価格（割引率: 5%）
PC-1863BC09,FRD-GB5,FREED,DEAL-001,Honda Cars 東京中央,3007155,2856797,0.05,standard,1,JPY,2024-01-01,2025-12-31,標準価格（割引率: 5%）
PC-010B7C55,FRD-GB5,FREED,DEAL-002,Honda Cars 大阪,2836939,2695092,0.05,standard,1,JPY,2022-01-01,2022-01-01,標準価格（割引率: 5%）
PC-010B7C55,FRD-GB5,FREED,DEAL-002,Honda Cars 大阪,2836939,2553245,0.10,promotional,1,JPY,2022-01-01,2022-01-31,キャンペーン期間中の特別価格（通常割引: 5% → 10%）
PC-FBD3871C,FRD-GB5,FREED,DEAL-002,Honda Cars 大阪,2836939,2695092,0.05,standard,1,JPY,2022-02-01,2023-12-31,標準価格（割引率: 5%）
PC-41176DBF,FRD-GB5,FREED,DEAL-002,Honda Cars 大阪,3007155,2856797,0.05,standard,1,JPY,2024-01-01,2025-12-31,標準価格（割引率: 5%）
PC-1DF846F5,FRD-GB5,FREED,DEAL-003,Honda Cars 横浜,2836939,2666722,0.06,standard,1,JPY,2022-01-01,2022-10-31,標準価格（割引率: 6%）
PC-4F4712B4,FRD-GB5,FREED,DEAL-003,Honda Cars 横浜,2836939,2496506,0.12,promotional,1,JPY,2022-11-01,2022-11-30,キャンペーン期間中の特別価格（通常割引: 6% → 12%）
PC-40538398,FRD-GB5,FREED,DEAL-003,Honda Cars 横浜,2836939,2666722,0.06,standard,1,JPY,2022-12-01,2023-12-31,標準価格（割引率: 6%）
PC-788C491F,FRD-GB5,FREED,DEAL-003,Honda Cars 横浜,3007155,2826726,0.06,standard,1,JPY,2024-01-01,2024-11-30,標準価格（割引率: 6%）
PC-6F8A4F79,FRD-GB5,FREED,DEAL-003,Honda Cars 横浜,3007155,2646296,0.12,promotional,1,JPY,2024-12-01,2024-12-31,キャンペーン期間中の特別価格（通常割引: 6% → 12%）
PC-6F0BDDE6,FRD-GB5,FREED,DEAL-004,Honda Cars 名古屋,2836939,2695092,0.05,standard,1,JPY,2022-01-01,2022-10-31,標準価格（割引率: 5%）
PC-7971786B,FRD-GB5,FREED,DEAL-004,Honda Cars 名古屋,2836939,2553245,0.10,promotional,1,JPY,2022-11-01,2022-11-30,キャンペーン期間中の特別価格（通常割引: 5% → 10%）
PC-5E356755,FRD-GB5,FREED,DEAL-004,Honda Cars 名古屋,2836939,2695092,0.05,standard,1,JPY,2022-12-01,2023-12-31,標準価格（割引率: 5%）
PC-A98E6E9F,FRD-GB5,FREED,DEAL-004,Honda Cars 名古屋,3007155,2856797,0.05,standard,1,JPY,2024-01-01,2025-12-31,標準価格（割引率: 5%）
PC-91ABEA81,FRD-GB5,FREED,DEAL-005,Honda Cars 福岡,2836939,2638353,0.07,standard,1,JPY,2022-01-01,2023-12-31,標準価格（割引率: 7%）
PC-1C55E59F,FRD-GB5,FREED,DEAL-005,Honda Cars 福岡,3007155,2796654,0.07,standard,1,JPY,2024-01-01,2025-12-31,標準価格（割引率: 7%）
PC-58451A6C,FRD-GB5,FREED,DEAL-006,Honda of America,2836939,2553245,0.10,standard,5,JPY,2022-01-01,2022-07-31,標準価格（割引率: 10%）
PC-DC204EF7,FRD-GB5,FREED,DEAL-006,Honda of America,2836939,2269551,0.20,promotional,5,JPY,2022-08-01,2022-08-31,キャンペーン期間中の特別価格（通常割引: 10% → 20%）
PC-584494D9,FRD-GB5,FREED,DEAL-006,Honda of America,2836939,2553245,0.10,standard,5,JPY,2022-09-01,2023-12-31,標準価格（割引率: 10%）
PC-41E92C8B,FRD-GB5,FREED,DEAL-006,Honda of America,3007155,2706439,0.10,standard,5,JPY,2024-01-01,2024-02-29,標準価格（割引率: 10%）
PC-BAB8018A,FRD-GB5,FREED,DEAL-006,Honda of America,3007155,2405724,0.20,promotional,5,JPY,2024-03-01,2024-03-31,キャンペーン期間中の特別価格（通常割引: 10% → 20%）
PC-B9ADDF97,FRD-GB5,FREED,DEAL-006,Honda of America,3007155,2706439,0.10,standard,5,JPY,2024-04-01,2025-12-31,標準価格（割引率: 10%）
PC-14CA3ADA,FRD-GB5,FREED,DEAL-007,Honda Europe,2836939,2496506,0.12,standard,5,JPY,2022-01-01,2022-03-31,標準価格（割引率: 12%）
PC-2F586A4C,FRD-GB5,FREED,DEAL-007,Honda Europe,2836939,2156073,0.24,promotional,5,JPY,2022-04-01,2022-04-30,キャンペーン期間中の特別価格（通常割引: 12% → 24%）
PC-17C14CC4,FRD-GB5,FREED,DEAL-007,Honda Europe,2836939,2496506,0.12,standard,5,JPY,2022-05-01,2023-12-31,標準価格（割引率: 12%）
PC-EB992F3B,FRD-GB5,FREED,DEAL-007,Honda Europe,3007155,2646296,0.12,standard,5,JPY,2024-01-01,2025-12-31,標準価格（割引率: 12%）
PC-8CD94698,FRD-GB5,FREED,DEAL-008,Honda China,2836939,2524875,0.11,standard,5,JPY,2022-01-01,2022-06-30,標準価格（割引率: 11%）
PC-8E021FEC,FRD-GB5,FREED,DEAL-008,Honda China,2836939,2212812,0.22,promotional,5,JPY,2022-07-01,2022-07-31,キャンペーン期間中の特別価格（通常割引: 11% → 22%）
PC-2B3DB7CE,FRD-GB5,FREED,DEAL-008,Honda China,2836939,2524875,0.11,standard,5,JPY,2022-08-01,2023-12-31,標準価格（割引率: 11%）
PC-D544C0F2,FRD-GB5,FREED,DEAL-008,Honda China,3007155,2676368,0.11,standard,5,JPY,2024-01-01,2024-04-30,標準価格（割引率: 11%）
PC-8949DCB3,FRD-GB5,FREED,DEAL-008,Honda China,3007155,2345581,0.22,promotional,5,JPY,2024-05-01,2024-05-31,キャンペーン期間中の特別価格（通常割引: 11% → 22%）
PC-B2257A1B,FRD-GB5,FREED,DEAL-008,Honda China,3007155,2676368,0.11,standard,5,JPY,2024-06-01,2025-12-31,標準価格（割引率: 11%）
PC-6B75DE92,VZL-RV3,VEZEL,DEAL-001,Honda Cars 東京中央,2928453,2782030,0.05,standard,1,JPY,2022-01-01,2022-01-31,標準価格（割引率: 5%）
PC-F508FABE,VZL-RV3,VEZEL,DEAL-001,Honda Cars 東京中央,2928453,2635607,0.10,promotional,1,JPY,2022-02-01,2022-02-28,キャンペーン期間中の特別価格（通常割引: 5% → 10%）
PC-03C4115B,VZL-RV3,VEZEL,DEAL-001,Honda Cars 東京中央,2928453,2782030,0.05,standard,1,JPY,2022-03-01,2023-12-31,標準価格（割引率: 5%）
PC-2F259BF3,VZL-RV3,VEZEL,DEAL-001,Honda Cars 東京中央,3104160,2948952,0.05,standard,1,JPY,2024-01-01,2025-12-31,標準価格（割引率: 5%）
PC-049E69DD,VZL-RV3,VEZEL,DEAL-002,Honda Cars 大阪,2928453,2782030,0.05,standard,1,JPY,2022-01-01,2022-11-30,標準価格（割引率: 5%）
PC-1BAA2C78,VZL-RV3,VEZEL,DEAL-002,Honda Cars 大阪,2928453,2635607,0.10,promotional,1,JPY,2022-12-01,2022-12-31,キャンペーン期間中の特別価格（通常割引: 5% → 10%）
PC-3D84C9D5,VZL-RV3,VEZEL,DEAL-002,Honda Cars 大阪,3104160,2948952,0.05,standard,1,JPY,2024-01-01,2024-02-29,標準価格（割引率: 5%）
PC-68E4A60A,VZL-RV3,VEZEL,DEAL-002,Honda Cars 大阪,3104160,2793744,0.10,promotional,1,JPY,2024-03-01,2024-03-31,キャンペーン期間中の特別価格（通常割引: 5% → 10%）
PC-9E2235E1,VZL-RV3,VEZEL,DEAL-002,Honda Cars 大阪,3104160,2948952,0.05,standard,1,JPY,2024-04-01,2025-12-31,標準価格（割引率: 5%）
PC-728A065C,VZL-RV3,VEZEL,DEAL-003,Honda Cars 横浜,2928453,2752746,0.06,standard,1,JPY,2022-01-01,2022-05-31,標準価格（割引率: 6%）
PC-A69FDAF2,VZL-RV3,VEZEL,DEAL-003,Honda Cars 横浜,2928453,2577038,0.12,promotional,1,JPY,2022-06-01,2022-06-30,キャンペーン期間中の特別価格（通常割引: 6% → 12%）
PC-B3B584B6,VZL-RV3,VEZEL,DEAL-003,Honda Cars 横浜,2928453,2752746,0.06,standard,1,JPY,2022-07-01,2023-12-31,標準価格（割引率: 6%）
PC-6EEF2C1F,VZL-RV3,VEZEL,DEAL-003,Honda Cars 横浜,3104160,2917910,0.06,standard,1,JPY,2024-01-01,2024-03-31,標準価格（割引率: 6%）
PC-4749B079,VZL-RV3,VEZEL,DEAL-003,Honda Cars 横浜,3104160,2731661,0.12,promotional,1,JPY,2024-04-01,2024-04-30,キャンペーン期間中の特別価格（通常割引: 6% → 12%）
PC-FAC54FBF,VZL-RV3,VEZEL,DEAL-003,Honda Cars 横浜,3104160,2917910,0.06,standard,1,JPY,2024-05-01,2025-12-31,標準価格（割引率: 6%）
PC-F2414F82,VZL-RV3,VEZEL,DEAL-004,Honda Cars 名古屋,2928453,2782030,0.05,standard,1,JPY,2022-01-01,2022-07-31,標準価格（割引率: 5%）
PC-5992D14E,VZL-RV3,VEZEL,DEAL-004,Honda Cars 名古屋,2928453,2635607,0.10,promotional,1,JPY,2022-08-01,2022-08-31,キャンペーン期間中の特別価格（通常割引: 5% → 10%）
PC-7FF057F6,VZL-RV3,VEZEL,DEAL-004,Honda Cars 名古屋,2928453,2782030,0.05,standard,1,JPY,2022-09-01,2023-12-31,標準価格（割引率: 5%）
PC-24D77807,VZL-RV3,VEZEL,DEAL-004,Honda Cars 名古屋,3104160,2948952,0.05,standard,1,JPY,2024-01-01,2024-01-01,標準価格（割引率: 5%）
PC-24D77807,VZL-RV3,VEZEL,DEAL-004,Honda Cars 名古屋,3104160,2793744,0.10,promotional,1,JPY,2024-01-01,2024-01-31,キャンペーン期間中の特別価格（通常割引: 5% → 10%）
PC-0046547C,VZL-RV3,VEZEL,DEAL-004,Honda Cars 名古屋,3104160,2948952,0.05,standard,1,JPY,2024-02-01,2025-12-31,標準価格（割引率: 5%）
PC-42B158FE,VZL-RV3,VEZEL,DEAL-005,Honda Cars 福岡,2928453,2723461,0.07,standard,1,JPY,2022-01-01,2022-11-30,標準価格（割引率: 7%）
PC-D5AF1A32,VZL-RV3,VEZEL,DEAL-005,Honda Cars 福岡,2928453,2518469,0.14,promotional,1,JPY,2022-12-01,2022-12-31,キャンペーン期間中の特別価格（通常割引: 7% → 14%）
PC-DED5E0CE,VZL-RV3,VEZEL,DEAL-005,Honda Cars 福岡,3104160,2886869,0.07,standard,1,JPY,2024-01-01,2024-08-31,標準価格（割引率: 7%）
PC-73F228A1,VZL-RV3,VEZEL,DEAL-005,Honda Cars 福岡,3104160,2669578,0.14,promotional,1,JPY,2024-09-01,2024-09-30,キャンペーン期間中の特別価格（通常割引: 7% → 14%）
PC-D630588F,VZL-RV3,VEZEL,DEAL-005,Honda Cars 福岡,3104160,2886869,0.07,standard,1,JPY,2024-10-01,2025-12-31,標準価格（割引率: 7%）
PC-DAF76B9E,VZL-RV3,VEZEL,DEAL-006,Honda of America,2928453,2635607,0.10,standard,5,JPY,2022-01-01,2022-10-31,標準価格（割引率: 10%）
PC-D9BD70D2,VZL-RV3,VEZEL,DEAL-006,Honda of America,2928453,2342762,0.20,promotional,5,JPY,2022-11-01,2022-11-30,キャンペーン期間中の特別価格（通常割引: 10% → 20%）
PC-0A58F32F,VZL-RV3,VEZEL,DEAL-006,Honda of America,2928453,2635607,0.10,standard,5,JPY,2022-12-01,2023-12-31,標準価格（割引率: 10%）
PC-623F6219,VZL-RV3,VEZEL,DEAL-006,Honda of America,3104160,2793744,0.10,standard,5,JPY,2024-01-01,2025-12-31,標準価格（割引率: 10%）
PC-5B8D9233,VZL-RV3,VEZEL,DEAL-007,Honda Europe,2928453,2577038,0.12,standard,5,JPY,2022-01-01,2022-06-30,標準価格（割引率: 12%）
PC-FEA044ED,VZL-RV3,VEZEL,DEAL-007,Honda Europe,2928453,2225624,0.24,promotional,5,JPY,2022-07-01,2022-07-31,キャンペーン期間中の特別価格（通常割引: 12% → 24%）
PC-856B5DFC,VZL-RV3,VEZEL,DEAL-007,Honda Europe,2928453,2577038,0.12,standard,5,JPY,2022-08-01,2023-12-31,標準価格（割引率: 12%）
PC-8F3D505F,VZL-RV3,VEZEL,DEAL-007,Honda Europe,3104160,2731661,0.12,standard,5,JPY,2024-01-01,2024-03-31,標準価格（割引率: 12%）
PC-8AFF4A62,VZL-RV3,VEZEL,DEAL-007,Honda Europe,3104160,2359161,0.24,promotional,5,JPY,2024-04-01,2024-04-30,キャンペーン期間中の特別価格（通常割引: 12% → 24%）
PC-DFA55388,VZL-RV3,VEZEL,DEAL-007,Honda Europe,3104160,2731661,0.12,standard,5,JPY,2024-05-01,2025-12-31,標準価格（割引率: 12%）
PC-42F04314,VZL-RV3,VEZEL,DEAL-008,Honda China,2928453,2606323,0.11,standard,5,JPY,2022-01-01,2023-12-31,標準価格（割引率: 11%）
PC-10C6A6F2,VZL-RV3,VEZEL,DEAL-008,Honda China,3104160,2762702,0.11,standard,5,JPY,2024-01-01,2024-11-30,標準価格（割引率: 11%）
PC-BEAEA632,VZL-RV3,VEZEL,DEAL-008,Honda China,3104160,2421245,0.22,promotional,5,JPY,2024-12-01,2024-12-31,キャンペーン期間中の特別価格（通常割引: 11% → 22%）
PC-6CD471D4,SWN-RP6,STEP WGN,DEAL-001,Honda Cars 東京中央,3294509,3129784,0.05,standard,1,JPY,2022-01-01,2023-12-31,標準価格（割引率: 5%）
PC-60204AB8,SWN-RP6,STEP WGN,DEAL-001,Honda Cars 東京中央,3492180,3317571,0.05,standard,1,JPY,2024-01-01,2024-06-30,標準価格（割引率: 5%）
PC-77160B61,SWN-RP6,STEP WGN,DEAL-001,Honda Cars 東京中央,3492180,3142962,0.10,promotional,1,JPY,2024-07-01,2024-07-31,キャンペーン期間中の特別価格（通常割引: 5% → 10%）
PC-48805446,SWN-RP6,STEP WGN,DEAL-001,Honda Cars 東京中央,3492180,3317571,0.05,standard,1,JPY,2024-08-01,2025-12-31,標準価格（割引率: 5%）
PC-9A2FA547,SWN-RP6,STEP WGN,DEAL-002,Honda Cars 大阪,3294509,3129784,0.05,standard,1,JPY,2022-01-01,2023-12-31,標準価格（割引率: 5%）
PC-9EBC1216,SWN-RP6,STEP WGN,DEAL-002,Honda Cars 大阪,3492180,3317571,0.05,standard,1,JPY,2024-01-01,2025-12-31,標準価格（割引率: 5%）
PC-C976061D,SWN-RP6,STEP WGN,DEAL-003,Honda Cars 横浜,3294509,3096839,0.06,standard,1,JPY,2022-01-01,2023-12-31,標準価格（割引率: 6%）
PC-9F9D56DC,SWN-RP6,STEP WGN,DEAL-003,Honda Cars 横浜,3492180,3282649,0.06,standard,1,JPY,2024-01-01,2024-05-31,標準価格（割引率: 6%）
PC-2B3AF07A,SWN-RP6,STEP WGN,DEAL-003,Honda Cars 横浜,3492180,3073118,0.12,promotional,1,JPY,2024-06-01,2024-06-30,キャンペーン期間中の特別価格（通常割引: 6% → 12%）
PC-7DC960E4,SWN-RP6,STEP WGN,DEAL-003,Honda Cars 横浜,3492180,3282649,0.06,standard,1,JPY,2024-07-01,2025-12-31,標準価格（割引率: 6%）
PC-77A2EC6A,SWN-RP6,STEP WGN,DEAL-004,Honda Cars 名古屋,3294509,3129784,0.05,standard,1,JPY,2022-01-01,2023-12-31,標準価格（割引率: 5%）
PC-D6A5CAF4,SWN-RP6,STEP WGN,DEAL-004,Honda Cars 名古屋,3492180,3317571,0.05,standard,1,JPY,2024-01-01,2024-11-30,標準価格（割引率: 5%）
PC-A4DE3552,SWN-RP6,STEP WGN,DEAL-004,Honda Cars 名古屋,3492180,3142962,0.10,promotional,1,JPY,2024-12-01,2024-12-31,キャンペーン期間中の特別価格（通常割引: 5% → 10%）
PC-0D1819D5,SWN-RP6,STEP WGN,DEAL-005,Honda Cars 福岡,3294509,3063894,0.07,standard,1,JPY,2022-01-01,2023-12-31,標準価格（割引率: 7%）
PC-9EF06CF2,SWN-RP6,STEP WGN,DEAL-005,Honda Cars 福岡,3492180,3247727,0.07,standard,1,JPY,2024-01-01,2024-10-31,標準価格（割引率: 7%）
PC-ABBDA51B,SWN-RP6,STEP WGN,DEAL-005,Honda Cars 福岡,3492180,3003275,0.14,promotional,1,JPY,2024-11-01,2024-11-30,キャンペーン期間中の特別価格（通常割引: 7% → 14%）
PC-D760AD4B,SWN-RP6,STEP WGN,DEAL-005,Honda Cars 福岡,3492180,3247727,0.07,standard,1,JPY,2024-12-01,2025-12-31,標準価格（割引率: 7%）
PC-0C4D86B9,SWN-RP6,STEP WGN,DEAL-006,Honda of America,3294509,2965058,0.10,standard,5,JPY,2022-01-01,2023-12-31,標準価格（割引率: 10%）
PC-959DB37B,SWN-RP6,STEP WGN,DEAL-006,Honda of America,3492180,3142962,0.10,standard,5,JPY,2024-01-01,2024-05-31,標準価格（割引率: 10%）
PC-6BE744F3,SWN-RP6,STEP WGN,DEAL-006,Honda of America,3492180,2793744,0.20,promotional,5,JPY,2024-06-01,2024-06-30,キャンペーン期間中の特別価格（通常割引: 10% → 20%）
PC-086B3E72,SWN-RP6,STEP WGN,DEAL-006,Honda of America,3492180,3142962,0.10,standard,5,JPY,2024-07-01,2025-12-31,標準価格（割引率: 10%）
PC-A01E84F3,SWN-RP6,STEP WGN,DEAL-007,Honda Europe,3294509,2899168,0.12,standard,5,JPY,2022-01-01,2023-12-31,標準価格（割引率: 12%）
PC-EA5DDB62,SWN-RP6,STEP WGN,DEAL-007,Honda Europe,3492180,3073118,0.12,standard,5,JPY,2024-01-01,2025-12-31,標準価格（割引率: 12%）
PC-52040C85,SWN-RP6,STEP WGN,DEAL-008,Honda China,3294509,2932113,0.11,standard,5,JPY,2022-01-01,2022-04-30,標準価格（割引率: 11%）
PC-B8EFB70C,SWN-RP6,STEP WGN,DEAL-008,Honda China,3294509,2569717,0.22,promotional,5,JPY,2022-05-01,2022-05-31,キャンペーン期間中の特別価格（通常割引: 11% → 22%）
PC-44F1A4D9,SWN-RP6,STEP WGN,DEAL-008,Honda China,3294509,2932113,0.11,standard,5,JPY,2022-06-01,2023-12-31,標準価格（割引率: 11%）
PC-294EF2F9,SWN-RP6,STEP WGN,DEAL-008,Honda China,3492180,3108040,0.11,standard,5,JPY,2024-01-01,2025-12-31,標準価格（割引率: 11%）
PC-ED63834B,CRV-RT5,CR-V,DEAL-001,Honda Cars 東京中央,3477538,3303661,0.05,standard,1,JPY,2022-01-01,2022-09-30,標準価格（割引率: 5%）
PC-0CD03498,CRV-RT5,CR-V,DEAL-001,Honda Cars 東京中央,3477538,3129784,0.10,promotional,1,JPY,2022-10-01,2022-10-31,キャンペーン期間中の特別価格（通常割引: 5% → 10%）
PC-00170BEE,CRV-RT5,CR-V,DEAL-001,Honda Cars 東京中央,3477538,3303661,0.05,standard,1,JPY,2022-11-01,2023-12-31,標準価格（割引率: 5%）
PC-65DB9648,CRV-RT5,CR-V,DEAL-001,Honda Cars 東京中央,3686190,3501881,0.05,standard,1,JPY,2024-01-01,2025-12-31,標準価格（割引率: 5%）
PC-67E6BE0C,CRV-RT5,CR-V,DEAL-002,Honda Cars 大阪,3477538,3303661,0.05,standard,1,JPY,2022-01-01,2022-03-31,標準価格（割引率: 5%）
PC-883B6B10,CRV-RT5,CR-V,DEAL-002,Honda Cars 大阪,3477538,3129784,0.10,promotional,1,JPY,2022-04-01,2022-04-30,キャンペーン期間中の特別価格（通常割引: 5% → 10%）
PC-46F95C48,CRV-RT5,CR-V,DEAL-002,Honda Cars 大阪,3477538,3303661,0.05,standard,1,JPY,2022-05-01,2023-12-31,標準価格（割引率: 5%）
PC-F72C8040,CRV-RT5,CR-V,DEAL-002,Honda Cars 大阪,3686190,3501881,0.05,standard,1,JPY,2024-01-01,2025-12-31,標準価格（割引率: 5%）
PC-64DA2521,CRV-RT5,CR-V,DEAL-003,Honda Cars 横浜,3477538,3268886,0.06,standard,1,JPY,2022-01-01,2022-09-30,標準価格（割引率: 6%）
PC-D5C69635,CRV-RT5,CR-V,DEAL-003,Honda Cars 横浜,3477538,3060233,0.12,promotional,1,JPY,2022-10-01,2022-10-31,キャンペーン期間中の特別価格（通常割引: 6% → 12%）
PC-1289F917,CRV-RT5,CR-V,DEAL-003,Honda Cars 横浜,3477538,3268886,0.06,standard,1,JPY,2022-11-01,2023-12-31,標準価格（割引率: 6%）
PC-48C2D367,CRV-RT5,CR-V,DEAL-003,Honda Cars 横浜,3686190,3465019,0.06,standard,1,JPY,2024-01-01,2025-12-31,標準価格（割引率: 6%）
PC-1457F02E,CRV-RT5,CR-V,DEAL-004,Honda Cars 名古屋,3477538,3303661,0.05,standard,1,JPY,2022-01-01,2022-07-31,標準価格（割引率: 5%）
PC-BDB8BB7F,CRV-RT5,CR-V,DEAL-004,Honda Cars 名古屋,3477538,3129784,0.10,promotional,1,JPY,2022-08-01,2022-08-31,キャンペーン期間中の特別価格（通常割引: 5% → 10%）
PC-D0B5E2B6,CRV-RT5,CR-V,DEAL-004,Honda Cars 名古屋,3477538,3303661,0.05,standard,1,JPY,2022-09-01,2023-12-31,標準価格（割引率: 5%）
PC-5235BA5C,CRV-RT5,CR-V,DEAL-004,Honda Cars 名古屋,3686190,3501881,0.05,standard,1,JPY,2024-01-01,2025-12-31,標準価格（割引率: 5%）
PC-D47ABE93,CRV-RT5,CR-V,DEAL-005,Honda Cars 福岡,3477538,3234110,0.07,standard,1,JPY,2022-01-01,2023-12-31,標準価格（割引率: 7%）
PC-A4979A2A,CRV-RT5,CR-V,DEAL-005,Honda Cars 福岡,3686190,3428157,0.07,standard,1,JPY,2024-01-01,2025-12-31,標準価格（割引率: 7%）
PC-7F7163F0,CRV-RT5,CR-V,DEAL-006,Honda of America,3477538,3129784,0.10,standard,5,JPY,2022-01-01,2022-05-31,標準価格（割引率: 10%）
PC-368B7575,CRV-RT5,CR-V,DEAL-006,Honda of America,3477538,2782030,0.20,promotional,5,JPY,2022-06-01,2022-06-30,キャンペーン期間中の特別価格（通常割引: 10% → 20%）
PC-15040937,CRV-RT5,CR-V,DEAL-006,Honda of America,3477538,3129784,0.10,standard,5,JPY,2022-07-01,2023-12-31,標準価格（割引率: 10%）
PC-8AECE3B8,CRV-RT5,CR-V,DEAL-006,Honda of America,3686190,3317571,0.10,standard,5,JPY,2024-01-01,2025-12-31,標準価格（割引率: 10%）
PC-E50467A8,CRV-RT5,CR-V,DEAL-007,Honda Europe,3477538,3060233,0.12,standard,5,JPY,2022-01-01,2023-12-31,標準価格（割引率: 12%）
PC-D8F461F7,CRV-RT5,CR-V,DEAL-007,Honda Europe,3686190,3243847,0.12,standard,5,JPY,2024-01-01,2024-01-01,標準価格（割引率: 12%）
PC-D8F461F7,CRV-RT5,CR-V,DEAL-007,Honda Europe,3686190,2801504,0.24,promotional,5,JPY,2024-01-01,2024-01-31,キャンペーン期間中の特別価格（通常割引: 12% → 24%）
PC-1CEDC910,CRV-RT5,CR-V,DEAL-007,Honda Europe,3686190,3243847,0.12,standard,5,JPY,2024-02-01,2025-12-31,標準価格（割引率: 12%）
PC-D6595BD6,CRV-RT5,CR-V,DEAL-008,Honda China,3477538,3095009,0.11,standard,5,JPY,2022-01-01,2022-01-31,標準価格（割引率: 11%）
PC-886DA3C8,CRV-RT5,CR-V,DEAL-008,Honda China,3477538,2712479,0.22,promotional,5,JPY,2022-02-01,2022-02-28,キャンペーン期間中の特別価格（通常割引: 11% → 22%）
PC-FC0EAA64,CRV-RT5,CR-V,DEAL-008,Honda China,3477538,3095009,0.11,standard,5,JPY,2022-03-01,2023-12-31,標準価格（割引率: 11%）
PC-815AD36E,CRV-RT5,CR-V,DEAL-008,Honda China,3686190,3280709,0.11,standard,5,JPY,2024-01-01,2024-05-31,標準価格（割引率: 11%）
PC-36BD4224,CRV-RT5,CR-V,DEAL-008,Honda China,3686190,2875228,0.22,promotional,5,JPY,2024-06-01,2024-06-30,キャンペーン期間中の特別価格（通常割引: 11% → 22%）
PC-BEF0D551,CRV-RT5,CR-V,DEAL-008,Honda China,3686190,3280709,0.11,standard,5,JPY,2024-07-01,2025-12-31,標準価格（割引率: 11%）
PC-73FD9C61,ODY-RC1,ODYSSEY,DEAL-001,Honda Cars 東京中央,4118137,3912230,0.05,standard,1,JPY,2022-01-01,2022-05-31,標準価格（割引率: 5%）
PC-4281385B,ODY-RC1,ODYSSEY,DEAL-001,Honda Cars 東京中央,4118137,3706323,0.10,promotional,1,JPY,2022-06-01,2022-06-30,キャンペーン期間中の特別価格（通常割引: 5% → 10%）
PC-FAC23160,ODY-RC1,ODYSSEY,DEAL-001,Honda Cars 東京中央,4118137,3912230,0.05,standard,1,JPY,2022-07-01,2023-12-31,標準価格（割引率: 5%）
PC-847F876A,ODY-RC1,ODYSSEY,DEAL-001,Honda Cars 東京中央,4365225,4146964,0.05,standard,1,JPY,2024-01-01,2025-12-31,標準価格（割引率: 5%）
PC-72009F85,ODY-RC1,ODYSSEY,DEAL-002,Honda Cars 大阪,4118137,3912230,0.05,standard,1,JPY,2022-01-01,2023-12-31,標準価格（割引率: 5%）
PC-A1AD03F5,ODY-RC1,ODYSSEY,DEAL-002,Honda Cars 大阪,4365225,4146964,0.05,standard,1,JPY,2024-01-01,2024-04-30,標準価格（割引率: 5%）
PC-F02D9611,ODY-RC1,ODYSSEY,DEAL-002,Honda Cars 大阪,4365225,3928703,0.10,promotional,1,JPY,2024-05-01,2024-05-31,キャンペーン期間中の特別価格（通常割引: 5% → 10%）
PC-CA323B58,ODY-RC1,ODYSSEY,DEAL-002,Honda Cars 大阪,4365225,4146964,0.05,standard,1,JPY,2024-06-01,2025-12-31,標準価格（割引率: 5%）
PC-DEA7E279,ODY-RC1,ODYSSEY,DEAL-003,Honda Cars 横浜,4118137,3871049,0.06,standard,1,JPY,2022-01-01,2023-12-31,標準価格（割引率: 6%）
PC-1F85D949,ODY-RC1,ODYSSEY,DEAL-003,Honda Cars 横浜,4365225,4103312,0.06,standard,1,JPY,2024-01-01,2024-11-30,標準価格（割引率: 6%）
PC-FBC062C0,ODY-RC1,ODYSSEY,DEAL-003,Honda Cars 横浜,4365225,3841398,0.12,promotional,1,JPY,2024-12-01,2024-12-31,キャンペーン期間中の特別価格（通常割引: 6% → 12%）
PC-0DC0DEEE,ODY-RC1,ODYSSEY,DEAL-004,Honda Cars 名古屋,4118137,3912230,0.05,standard,1,JPY,2022-01-01,2023-12-31,標準価格（割引率: 5%）
PC-C1262575,ODY-RC1,ODYSSEY,DEAL-004,Honda Cars 名古屋,4365225,4146964,0.05,standard,1,JPY,2024-01-01,2025-12-31,標準価格（割引率: 5%）
PC-B0A90B86,ODY-RC1,ODYSSEY,DEAL-005,Honda Cars 福岡,4118137,3829867,0.07,standard,1,JPY,2022-01-01,2022-03-31,標準価格（割引率: 7%）
PC-F2DD67C4,ODY-RC1,ODYSSEY,DEAL-005,Honda Cars 福岡,4118137,3541598,0.14,promotional,1,JPY,2022-04-01,2022-04-30,キャンペーン期間中の特別価格（通常割引: 7% → 14%）
PC-E52348BD,ODY-RC1,ODYSSEY,DEAL-005,Honda Cars 福岡,4118137,3829867,0.07,standard,1,JPY,2022-05-01,2023-12-31,標準価格（割引率: 7%）
PC-FCEC84E9,ODY-RC1,ODYSSEY,DEAL-005,Honda Cars 福岡,4365225,4059659,0.07,standard,1,JPY,2024-01-01,2024-01-31,標準価格（割引率: 7%）
PC-4408F273,ODY-RC1,ODYSSEY,DEAL-005,Honda Cars 福岡,4365225,3754094,0.14,promotional,1,JPY,2024-02-01,2024-02-29,キャンペーン期間中の特別価格（通常割引: 7% → 14%）
PC-071D1959,ODY-RC1,ODYSSEY,DEAL-005,Honda Cars 福岡,4365225,4059659,0.07,standard,1,JPY,2024-03-01,2025-12-31,標準価格（割引率: 7%）
PC-1224D8CC,ODY-RC1,ODYSSEY,DEAL-006,Honda of America,4118137,3706323,0.10,standard,5,JPY,2022-01-01,2022-10-31,標準価格（割引率: 10%）
PC-01E55E37,ODY-RC1,ODYSSEY,DEAL-006,Honda of America,4118137,3294509,0.20,promotional,5,JPY,2022-11-01,2022-11-30,キャンペーン期間中の特別価格（通常割引: 10% → 20%）
PC-7CA33E1A,ODY-RC1,ODYSSEY,DEAL-006,Honda of America,4118137,3706323,0.10,standard,5,JPY,2022-12-01,2023-12-31,標準価格（割引率: 10%）
PC-8889C0AF,ODY-RC1,ODYSSEY,DEAL-006,Honda of America,4365225,3928703,0.10,standard,5,JPY,2024-01-01,2025-12-31,標準価格（割引率: 10%）
PC-6D92CAEA,ODY-RC1,ODYSSEY,DEAL-007,Honda Europe,4118137,3623960,0.12,standard,5,JPY,2022-01-01,2023-12-31,標準価格（割引率: 12%）
PC-6DE2031B,ODY-RC1,ODYSSEY,DEAL-007,Honda Europe,4365225,3841398,0.12,standard,5,JPY,2024-01-01,2025-12-31,標準価格（割引率: 12%）
PC-F9420DD0,ODY-RC1,ODYSSEY,DEAL-008,Honda China,4118137,3665142,0.11,standard,5,JPY,2022-01-01,2023-12-31,標準価格（割引率: 11%）
PC-47AD9248,ODY-RC1,ODYSSEY,DEAL-008,Honda China,4365225,3885050,0.11,standard,5,JPY,2024-01-01,2025-12-31,標準価格（割引率: 11%）
PC-9FC8DC2D,PLT-YF3,PILOT,DEAL-001,Honda Cars 東京中央,4758736,4520799,0.05,standard,1,JPY,2022-01-01,2022-06-30,標準価格（割引率: 5%）
PC-6C039334,PLT-YF3,PILOT,DEAL-001,Honda Cars 東京中央,4758736,4282862,0.10,promotional,1,JPY,2022-07-01,2022-07-31,キャンペーン期間中の特別価格（通常割引: 5% → 10%）
PC-07FBDA99,PLT-YF3,PILOT,DEAL-001,Honda Cars 東京中央,4758736,4520799,0.05,standard,1,JPY,2022-08-01,2023-12-31,標準価格（割引率: 5%）
PC-C31ABAEA,PLT-YF3,PILOT,DEAL-001,Honda Cars 東京中央,5044260,4792047,0.05,standard,1,JPY,2024-01-01,2025-12-31,標準価格（割引率: 5%）
PC-C222FAB3,PLT-YF3,PILOT,DEAL-002,Honda Cars 大阪,4758736,4520799,0.05,standard,1,JPY,2022-01-01,2022-09-30,標準価格（割引率: 5%）
PC-4BDCDF86,PLT-YF3,PILOT,DEAL-002,Honda Cars 大阪,4758736,4282862,0.10,promotional,1,JPY,2022-10-01,2022-10-31,キャンペーン期間中の特別価格（通常割引: 5% → 10%）
PC-A4C33F9F,PLT-YF3,PILOT,DEAL-002,Honda Cars 大阪,4758736,4520799,0.05,standard,1,JPY,2022-11-01,2023-12-31,標準価格（割引率: 5%）
PC-ED96FABE,PLT-YF3,PILOT,DEAL-002,Honda Cars 大阪,5044260,4792047,0.05,standard,1,JPY,2024-01-01,2024-03-31,標準価格（割引率: 5%）
PC-086E28D7,PLT-YF3,PILOT,DEAL-002,Honda Cars 大阪,5044260,4539834,0.10,promotional,1,JPY,2024-04-01,2024-04-30,キャンペーン期間中の特別価格（通常割引: 5% → 10%）
PC-BB039CD4,PLT-YF3,PILOT,DEAL-002,Honda Cars 大阪,5044260,4792047,0.05,standard,1,JPY,2024-05-01,2025-12-31,標準価格（割引率: 5%）
PC-0ED5B152,PLT-YF3,PILOT,DEAL-003,Honda Cars 横浜,4758736,4473212,0.06,standard,1,JPY,2022-01-01,2023-12-31,標準価格（割引率: 6%）
PC-A634C2A9,PLT-YF3,PILOT,DEAL-003,Honda Cars 横浜,5044260,4741605,0.06,standard,1,JPY,2024-01-01,2025-12-31,標準価格（割引率: 6%）
PC-458C4190,PLT-YF3,PILOT,DEAL-004,Honda Cars 名古屋,4758736,4520799,0.05,standard,1,JPY,2022-01-01,2023-12-31,標準価格（割引率: 5%）
PC-744E9B79,PLT-YF3,PILOT,DEAL-004,Honda Cars 名古屋,5044260,4792047,0.05,standard,1,JPY,2024-01-01,2024-09-30,標準価格（割引率: 5%）
PC-500B0DF4,PLT-YF3,PILOT,DEAL-004,Honda Cars 名古屋,5044260,4539834,0.10,promotional,1,JPY,2024-10-01,2024-10-31,キャンペーン期間中の特別価格（通常割引: 5% → 10%）
PC-35B92DAF,PLT-YF3,PILOT,DEAL-004,Honda Cars 名古屋,5044260,4792047,0.05,standard,1,JPY,2024-11-01,2025-12-31,標準価格（割引率: 5%）
PC-7EBC596E,PLT-YF3,PILOT,DEAL-005,Honda Cars 福岡,4758736,4425625,0.07,standard,1,JPY,2022-01-01,2023-12-31,標準価格（割引率: 7%）
PC-94321487,PLT-YF3,PILOT,DEAL-005,Honda Cars 福岡,5044260,4691162,0.07,standard,1,JPY,2024-01-01,2025-12-31,標準価格（割引率: 7%）
PC-9F5D1A33,PLT-YF3,PILOT,DEAL-006,Honda of America,4758736,4282862,0.10,standard,5,JPY,2022-01-01,2023-12-31,標準価格（割引率: 10%）
PC-3AFC04F5,PLT-YF3,PILOT,DEAL-006,Honda of America,5044260,4539834,0.10,standard,5,JPY,2024-01-01,2025-12-31,標準価格（割引率: 10%）
PC-47F44452,PLT-YF3,PILOT,DEAL-007,Honda Europe,4758736,4187688,0.12,standard,5,JPY,2022-01-01,2023-12-31,標準価格（割引率: 12%）
PC-46DCB51A,PLT-YF3,PILOT,DEAL-007,Honda Europe,5044260,4438949,0.12,standard,5,JPY,2024-01-01,2025-12-31,標準価格（割引率: 12%）
PC-15D044E9,PLT-YF3,PILOT,DEAL-008,Honda China,4758736,4235275,0.11,standard,5,JPY,2022-01-01,2023-12-31,標準価格（割引率: 11%）
PC-D532C947,PLT-YF3,PILOT,DEAL-008,Honda China,5044260,4489392,0.11,standard,5,JPY,2024-01-01,2024-11-30,標準価格（割引率: 11%）
PC-C40497DD,PLT-YF3,PILOT,DEAL-008,Honda China,5044260,3934523,0.22,promotional,5,JPY,2024-12-01,2024-12-31,キャンペーン期間中の特別価格（通常割引: 11% → 22%）
PC-641DDD0E,RDG-YF6,RIDGELINE,DEAL-001,Honda Cars 東京中央,5307821,5042430,0.05,standard,1,JPY,2022-01-01,2023-12-31,標準価格（割引率: 5%）
PC-E907FECA,RDG-YF6,RIDGELINE,DEAL-001,Honda Cars 東京中央,5626290,5344976,0.05,standard,1,JPY,2024-01-01,2024-05-31,標準価格（割引率: 5%）
PC-6B1F7A25,RDG-YF6,RIDGELINE,DEAL-001,Honda Cars 東京中央,5626290,5063661,0.10,promotional,1,JPY,2024-06-01,2024-06-30,キャンペーン期間中の特別価格（通常割引: 5% → 10%）
PC-63CD94F4,RDG-YF6,RIDGELINE,DEAL-001,Honda Cars 東京中央,5626290,5344976,0.05,standard,1,JPY,2024-07-01,2025-12-31,標準価格（割引率: 5%）
PC-C0F44AE5,RDG-YF6,RIDGELINE,DEAL-002,Honda Cars 大阪,5307821,5042430,0.05,standard,1,JPY,2022-01-01,2023-12-31,標準価格（割引率: 5%）
PC-7F942713,RDG-YF6,RIDGELINE,DEAL-002,Honda Cars 大阪,5626290,5344976,0.05,standard,1,JPY,2024-01-01,2025-12-31,標準価格（割引率: 5%）
PC-1C1498B8,RDG-YF6,RIDGELINE,DEAL-003,Honda Cars 横浜,5307821,4989352,0.06,standard,1,JPY,2022-01-01,2023-12-31,標準価格（割引率: 6%）
PC-6164B21B,RDG-YF6,RIDGELINE,DEAL-003,Honda Cars 横浜,5626290,5288713,0.06,standard,1,JPY,2024-01-01,2025-12-31,標準価格（割引率: 6%）
PC-5F5F5BB1,RDG-YF6,RIDGELINE,DEAL-004,Honda Cars 名古屋,5307821,5042430,0.05,standard,1,JPY,2022-01-01,2023-12-31,標準価格（割引率: 5%）
PC-5EF7F0C5,RDG-YF6,RIDGELINE,DEAL-004,Honda Cars 名古屋,5626290,5344976,0.05,standard,1,JPY,2024-01-01,2025-12-31,標準価格（割引率: 5%）
PC-EE817BFB,RDG-YF6,RIDGELINE,DEAL-005,Honda Cars 福岡,5307821,4936274,0.07,standard,1,JPY,2022-01-01,2022-04-30,標準価格（割引率: 7%）
PC-DE4A0ABE,RDG-YF6,RIDGELINE,DEAL-005,Honda Cars 福岡,5307821,4564726,0.14,promotional,1,JPY,2022-05-01,2022-05-31,キャンペーン期間中の特別価格（通常割引: 7% → 14%）
PC-BED2EFE4,RDG-YF6,RIDGELINE,DEAL-005,Honda Cars 福岡,5307821,4936274,0.07,standard,1,JPY,2022-06-01,2023-12-31,標準価格（割引率: 7%）
PC-FA1FFA1F,RDG-YF6,RIDGELINE,DEAL-005,Honda Cars 福岡,5626290,5232450,0.07,standard,1,JPY,2024-01-01,2024-01-01,標準価格（割引率: 7%）
PC-FA1FFA1F,RDG-YF6,RIDGELINE,DEAL-005,Honda Cars 福岡,5626290,4838610,0.14,promotional,1,JPY,2024-01-01,2024-01-31,キャンペーン期間中の特別価格（通常割引: 7% → 14%）
PC-351CEB73,RDG-YF6,RIDGELINE,DEAL-005,Honda Cars 福岡,5626290,5232450,0.07,standard,1,JPY,2024-02-01,2025-12-31,標準価格（割引率: 7%）
PC-AE63C4A0,RDG-YF6,RIDGELINE,DEAL-006,Honda of America,5307821,4777039,0.10,standard,5,JPY,2022-01-01,2022-07-31,標準価格（割引率: 10%）
PC-3A397F9A,RDG-YF6,RIDGELINE,DEAL-006,Honda of America,5307821,4246257,0.20,promotional,5,JPY,2022-08-01,2022-08-31,キャンペーン期間中の特別価格（通常割引: 10% → 20%）
PC-3E504A1C,RDG-YF6,RIDGELINE,DEAL-006,Honda of America,5307821,4777039,0.10,standard,5,JPY,2022-09-01,2023-12-31,標準価格（割引率: 10%）
PC-75DC997B,RDG-YF6,RIDGELINE,DEAL-006,Honda of America,5626290,5063661,0.10,standard,5,JPY,2024-01-01,2024-01-01,標準価格（割引率: 10%）
PC-75DC997B,RDG-YF6,RIDGELINE,DEAL-006,Honda of America,5626290,4501032,0.20,promotional,5,JPY,2024-01-01,2024-01-31,キャンペーン期間中の特別価格（通常割引: 10% → 20%）
PC-F7EAB757,RDG-YF6,RIDGELINE,DEAL-006,Honda of America,5626290,5063661,0.10,standard,5,JPY,2024-02-01,2025-12-31,標準価格（割引率: 10%）
PC-3229AC67,RDG-YF6,RIDGELINE,DEAL-007,Honda Europe,5307821,4670883,0.12,standard,5,JPY,2022-01-01,2022-02-28,標準価格（割引率: 12%）
PC-65F6BDA5,RDG-YF6,RIDGELINE,DEAL-007,Honda Europe,5307821,4033944,0.24,promotional,5,JPY,2022-03-01,2022-03-31,キャンペーン期間中の特別価格（通常割引: 12% → 24%）
PC-3126871D,RDG-YF6,RIDGELINE,DEAL-007,Honda Europe,5307821,4670883,0.12,standard,5,JPY,2022-04-01,2023-12-31,標準価格（割引率: 12%）
PC-AF1EC658,RDG-YF6,RIDGELINE,DEAL-007,Honda Europe,5626290,4951136,0.12,standard,5,JPY,2024-01-01,2025-12-31,標準価格（割引率: 12%）
PC-3AD193BA,RDG-YF6,RIDGELINE,DEAL-008,Honda China,5307821,4723961,0.11,standard,5,JPY,2022-01-01,2022-03-31,標準価格（割引率: 11%）
PC-9F7B6B62,RDG-YF6,RIDGELINE,DEAL-008,Honda China,5307821,4140100,0.22,promotional,5,JPY,2022-04-01,2022-04-30,キャンペーン期間中の特別価格（通常割引: 11% → 22%）
PC-D5840709,RDG-YF6,RIDGELINE,DEAL-008,Honda China,5307821,4723961,0.11,standard,5,JPY,2022-05-01,2023-12-31,標準価格（割引率: 11%）
PC-F7A7A076,RDG-YF6,RIDGELINE,DEAL-008,Honda China,5626290,5007398,0.11,standard,5,JPY,2024-01-01,2025-12-31,標準価格（割引率: 11%）
PC-C5321F13,PSP-YF7,PASSPORT,DEAL-001,Honda Cars 東京中央,3843594,3651415,0.05,standard,1,JPY,2022-01-01,2023-12-31,標準価格（割引率: 5%）
PC-984633C5,PSP-YF7,PASSPORT,DEAL-001,Honda Cars 東京中央,4074210,3870500,0.05,standard,1,JPY,2024-01-01,2024-08-31,標準価格（割引率: 5%）
PC-E96E4C64,PSP-YF7,PASSPORT,DEAL-001,Honda Cars 東京中央,4074210,3666789,0.10,promotional,1,JPY,2024-09-01,2024-09-30,キャンペーン期間中の特別価格（通常割引: 5% → 10%）
PC-D4CDAD59,PSP-YF7,PASSPORT,DEAL-001,Honda Cars 東京中央,4074210,3870500,0.05,standard,1,JPY,2024-10-01,2025-12-31,標準価格（割引率: 5%）
PC-E14539F2,PSP-YF7,PASSPORT,DEAL-002,Honda Cars 大阪,3843594,3651415,0.05,standard,1,JPY,2022-01-01,2023-12-31,標準価格（割引率: 5%）
PC-7D5FC599,PSP-YF7,PASSPORT,DEAL-002,Honda Cars 大阪,4074210,3870500,0.05,standard,1,JPY,2024-01-01,2024-03-31,標準価格（割引率: 5%）
PC-07EAA18D,PSP-YF7,PASSPORT,DEAL-002,Honda Cars 大阪,4074210,3666789,0.10,promotional,1,JPY,2024-04-01,2024-04-30,キャンペーン期間中の特別価格（通常割引: 5% → 10%）
PC-4BAEE95C,PSP-YF7,PASSPORT,DEAL-002,Honda Cars 大阪,4074210,3870500,0.05,standard,1,JPY,2024-05-01,2025-12-31,標準価格（割引率: 5%）
PC-5EA6955D,PSP-YF7,PASSPORT,DEAL-003,Honda Cars 横浜,3843594,3612979,0.06,standard,1,JPY,2022-01-01,2022-09-30,標準価格（割引率: 6%）
PC-C5DDCD4B,PSP-YF7,PASSPORT,DEAL-003,Honda Cars 横浜,3843594,3382363,0.12,promotional,1,JPY,2022-10-01,2022-10-31,キャンペーン期間中の特別価格（通常割引: 6% → 12%）
PC-F9FBDD0A,PSP-YF7,PASSPORT,DEAL-003,Honda Cars 横浜,3843594,3612979,0.06,standard,1,JPY,2022-11-01,2023-12-31,標準価格（割引率: 6%）
PC-57479AF3,PSP-YF7,PASSPORT,DEAL-003,Honda Cars 横浜,4074210,3829758,0.06,standard,1,JPY,2024-01-01,2025-12-31,標準価格（割引率: 6%）
PC-3C0CE29D,PSP-YF7,PASSPORT,DEAL-004,Honda Cars 名古屋,3843594,3651415,0.05,standard,1,JPY,2022-01-01,2022-07-31,標準価格（割引率: 5%）
PC-7156CE1A,PSP-YF7,PASSPORT,DEAL-004,Honda Cars 名古屋,3843594,3459235,0.10,promotional,1,JPY,2022-08-01,2022-08-31,キャンペーン期間中の特別価格（通常割引: 5% → 10%）
PC-CE78D3F6,PSP-YF7,PASSPORT,DEAL-004,Honda Cars 名古屋,3843594,3651415,0.05,standard,1,JPY,2022-09-01,2023-12-31,標準価格（割引率: 5%）
PC-AA1FE8F1,PSP-YF7,PASSPORT,DEAL-004,Honda Cars 名古屋,4074210,3870500,0.05,standard,1,JPY,2024-01-01,2025-12-31,標準価格（割引率: 5%）
PC-EF3EEEF4,PSP-YF7,PASSPORT,DEAL-005,Honda Cars 福岡,3843594,3574543,0.07,standard,1,JPY,2022-01-01,2022-08-31,標準価格（割引率: 7%）
PC-0E5249D6,PSP-YF7,PASSPORT,DEAL-005,Honda Cars 福岡,3843594,3305491,0.14,promotional,1,JPY,2022-09-01,2022-09-30,キャンペーン期間中の特別価格（通常割引: 7% → 14%）
PC-FA7C3C8C,PSP-YF7,PASSPORT,DEAL-005,Honda Cars 福岡,3843594,3574543,0.07,standard,1,JPY,2022-10-01,2023-12-31,標準価格（割引率: 7%）
PC-F7000620,PSP-YF7,PASSPORT,DEAL-005,Honda Cars 福岡,4074210,3789015,0.07,standard,1,JPY,2024-01-01,2025-12-31,標準価格（割引率: 7%）
PC-989296F3,PSP-YF7,PASSPORT,DEAL-006,Honda of America,3843594,3459235,0.10,standard,5,JPY,2022-01-01,2022-04-30,標準価格（割引率: 10%）
PC-51423DAF,PSP-YF7,PASSPORT,DEAL-006,Honda of America,3843594,3074875,0.20,promotional,5,JPY,2022-05-01,2022-05-31,キャンペーン期間中の特別価格（通常割引: 10% → 20%）
PC-2074A542,PSP-YF7,PASSPORT,DEAL-006,Honda of America,3843594,3459235,0.10,standard,5,JPY,2022-06-01,2023-12-31,標準価格（割引率: 10%）
PC-7ABC18E9,PSP-YF7,PASSPORT,DEAL-006,Honda of America,4074210,3666789,0.10,standard,5,JPY,2024-01-01,2025-12-31,標準価格（割引率: 10%）
PC-08F42A3F,PSP-YF7,PASSPORT,DEAL-007,Honda Europe,3843594,3382363,0.12,standard,5,JPY,2022-01-01,2022-01-01,標準価格（割引率: 12%）
PC-08F42A3F,PSP-YF7,PASSPORT,DEAL-007,Honda Europe,3843594,2921132,0.24,promotional,5,JPY,2022-01-01,2022-01-31,キャンペーン期間中の特別価格（通常割引: 12% → 24%）
PC-2A273033,PSP-YF7,PASSPORT,DEAL-007,Honda Europe,3843594,3382363,0.12,standard,5,JPY,2022-02-01,2023-12-31,標準価格（割引率: 12%）
PC-7874B844,PSP-YF7,PASSPORT,DEAL-007,Honda Europe,4074210,3585305,0.12,standard,5,JPY,2024-01-01,2024-10-31,標準価格（割引率: 12%）
PC-E60F4186,PSP-YF7,PASSPORT,DEAL-007,Honda Europe,4074210,3096400,0.24,promotional,5,JPY,2024-11-01,2024-11-30,キャンペーン期間中の特別価格（通常割引: 12% → 24%）
PC-3F91799B,PSP-YF7,PASSPORT,DEAL-007,Honda Europe,4074210,3585305,0.12,standard,5,JPY,2024-12-01,2025-12-31,標準価格（割引率: 12%）
PC-0C9CC2F3,PSP-YF7,PASSPORT,DEAL-008,Honda China,3843594,3420799,0.11,standard,5,JPY,2022-01-01,2023-12-31,標準価格（割引率: 11%）
PC-10A3FBBE,PSP-YF7,PASSPORT,DEAL-008,Honda China,4074210,3626047,0.11,standard,5,JPY,2024-01-01,2025-12-31,標準価格（割引率: 11%）
PC-791B197E,ZRV-RZ3,ZR-V,DEAL-001,Honda Cars 東京中央,2745424,2608153,0.05,standard,1,JPY,2022-01-01,2022-07-31,標準価格（割引率: 5%）
PC-D93BD451,ZRV-RZ3,ZR-V,DEAL-001,Honda Cars 東京中央,2745424,2470882,0.10,promotional,1,JPY,2022-08-01,2022-08-31,キャンペーン期間中の特別価格（通常割引: 5% → 10%）
PC-AAAB6F75,ZRV-RZ3,ZR-V,DEAL-001,Honda Cars 東京中央,2745424,2608153,0.05,standard,1,JPY,2022-09-01,2023-12-31,標準価格（割引率: 5%）
PC-FBBEABD5,ZRV-RZ3,ZR-V,DEAL-001,Honda Cars 東京中央,2910150,2764642,0.05,standard,1,JPY,2024-01-01,2025-12-31,標準価格（割引率: 5%）
PC-607051F3,ZRV-RZ3,ZR-V,DEAL-002,Honda Cars 大阪,2745424,2608153,0.05,standard,1,JPY,2022-01-01,2023-12-31,標準価格（割引率: 5%）
PC-985C5A65,ZRV-RZ3,ZR-V,DEAL-002,Honda Cars 大阪,2910150,2764642,0.05,standard,1,JPY,2024-01-01,2025-12-31,標準価格（割引率: 5%）
PC-FE15806A,ZRV-RZ3,ZR-V,DEAL-003,Honda Cars 横浜,2745424,2580699,0.06,standard,1,JPY,2022-01-01,2023-12-31,標準価格（割引率: 6%）
PC-C0C02526,ZRV-RZ3,ZR-V,DEAL-003,Honda Cars 横浜,2910150,2735541,0.06,standard,1,JPY,2024-01-01,2025-12-31,標準価格（割引率: 6%）
PC-982E5EBB,ZRV-RZ3,ZR-V,DEAL-004,Honda Cars 名古屋,2745424,2608153,0.05,standard,1,JPY,2022-01-01,2022-07-31,標準価格（割引率: 5%）
PC-CC47EBD6,ZRV-RZ3,ZR-V,DEAL-004,Honda Cars 名古屋,2745424,2470882,0.10,promotional,1,JPY,2022-08-01,2022-08-31,キャンペーン期間中の特別価格（通常割引: 5% → 10%）
PC-AE533550,ZRV-RZ3,ZR-V,DEAL-004,Honda Cars 名古屋,2745424,2608153,0.05,standard,1,JPY,2022-09-01,2023-12-31,標準価格（割引率: 5%）
PC-0F83A200,ZRV-RZ3,ZR-V,DEAL-004,Honda Cars 名古屋,2910150,2764642,0.05,standard,1,JPY,2024-01-01,2025-12-31,標準価格（割引率: 5%）
PC-AC0149E2,ZRV-RZ3,ZR-V,DEAL-005,Honda Cars 福岡,2745424,2553245,0.07,standard,1,JPY,2022-01-01,2023-12-31,標準価格（割引率: 7%）
PC-180A49FB,ZRV-RZ3,ZR-V,DEAL-005,Honda Cars 福岡,2910150,2706439,0.07,standard,1,JPY,2024-01-01,2024-03-31,標準価格（割引率: 7%）
PC-9B7F0AF4,ZRV-RZ3,ZR-V,DEAL-005,Honda Cars 福岡,2910150,2502729,0.14,promotional,1,JPY,2024-04-01,2024-04-30,キャンペーン期間中の特別価格（通常割引: 7% → 14%）
PC-627174A9,ZRV-RZ3,ZR-V,DEAL-005,Honda Cars 福岡,2910150,2706439,0.07,standard,1,JPY,2024-05-01,2025-12-31,標準価格（割引率: 7%）
PC-9B052501,ZRV-RZ3,ZR-V,DEAL-006,Honda of America,2745424,2470882,0.10,standard,5,JPY,2022-01-01,2022-04-30,標準価格（割引率: 10%）
PC-DAF480C0,ZRV-RZ3,ZR-V,DEAL-006,Honda of America,2745424,2196339,0.20,promotional,5,JPY,2022-05-01,2022-05-31,キャンペーン期間中の特別価格（通常割引: 10% → 20%）
PC-EDA18358,ZRV-RZ3,ZR-V,DEAL-006,Honda of America,2745424,2470882,0.10,standard,5,JPY,2022-06-01,2023-12-31,標準価格（割引率: 10%）
PC-372B073C,ZRV-RZ3,ZR-V,DEAL-006,Honda of America,2910150,2619135,0.10,standard,5,JPY,2024-01-01,2024-06-30,標準価格（割引率: 10%）
PC-4BC5D19D,ZRV-RZ3,ZR-V,DEAL-006,Honda of America,2910150,2328120,0.20,promotional,5,JPY,2024-07-01,2024-07-31,キャンペーン期間中の特別価格（通常割引: 10% → 20%）
PC-A4B3E38B,ZRV-RZ3,ZR-V,DEAL-006,Honda of America,2910150,2619135,0.10,standard,5,JPY,2024-08-01,2025-12-31,標準価格（割引率: 10%）
PC-AC0327CA,ZRV-RZ3,ZR-V,DEAL-007,Honda Europe,2745424,2415973,0.12,standard,5,JPY,2022-01-01,2023-12-31,標準価格（割引率: 12%）
PC-CE9D8C54,ZRV-RZ3,ZR-V,DEAL-007,Honda Europe,2910150,2560932,0.12,standard,5,JPY,2024-01-01,2024-05-31,標準価格（割引率: 12%）
PC-C4B5E9A7,ZRV-RZ3,ZR-V,DEAL-007,Honda Europe,2910150,2211714,0.24,promotional,5,JPY,2024-06-01,2024-06-30,キャンペーン期間中の特別価格（通常割引: 12% → 24%）
PC-5115FE8D,ZRV-RZ3,ZR-V,DEAL-007,Honda Europe,2910150,2560932,0.12,standard,5,JPY,2024-07-01,2025-12-31,標準価格（割引率: 12%）
PC-7DCF16A9,ZRV-RZ3,ZR-V,DEAL-008,Honda China,2745424,2443428,0.11,standard,5,JPY,2022-01-01,2022-01-01,標準価格（割引率: 11%）
PC-7DCF16A9,ZRV-RZ3,ZR-V,DEAL-008,Honda China,2745424,2141431,0.22,promotional,5,JPY,2022-01-01,2022-01-31,キャンペーン期間中の特別価格（通常割引: 11% → 22%）
PC-C2BDAEFE,ZRV-RZ3,ZR-V,DEAL-008,Honda China,2745424,2443428,0.11,standard,5,JPY,2022-02-01,2023-12-31,標準価格（割引率: 11%）
PC-68778BC3,ZRV-RZ3,ZR-V,DEAL-008,Honda China,2910150,2590033,0.11,standard,5,JPY,2024-01-01,2024-09-30,標準価格（割引率: 11%）
PC-4D413DF1,ZRV-RZ3,ZR-V,DEAL-008,Honda China,2910150,2269917,0.22,promotional,5,JPY,2024-10-01,2024-10-31,キャンペーン期間中の特別価格（通常割引: 11% → 22%）
PC-2E85EE20,ZRV-RZ3,ZR-V,DEAL-008,Honda China,2910150,2590033,0.11,standard,5,JPY,2024-11-01,2025-12-31,標準価格（割引率: 11%）
PC-3B7CCFFB,ACD-CV1,ACCORD,DEAL-001,Honda Cars 東京中央,3752080,3564476,0.05,standard,1,JPY,2022-01-01,2022-10-31,標準価格（割引率: 5%）
PC-15B93CAE,ACD-CV1,ACCORD,DEAL-001,Honda Cars 東京中央,3752080,3376872,0.10,promotional,1,JPY,2022-11-01,2022-11-30,キャンペーン期間中の特別価格（通常割引: 5% → 10%）
PC-42BCCD4B,ACD-CV1,ACCORD,DEAL-001,Honda Cars 東京中央,3752080,3564476,0.05,standard,1,JPY,2022-12-01,2023-12-31,標準価格（割引率: 5%）
PC-336F2F6F,ACD-CV1,ACCORD,DEAL-001,Honda Cars 東京中央,3977205,3778345,0.05,standard,1,JPY,2024-01-01,2025-12-31,標準価格（割引率: 5%）
PC-19C7CC1E,ACD-CV1,ACCORD,DEAL-002,Honda Cars 大阪,3752080,3564476,0.05,standard,1,JPY,2022-01-01,2023-12-31,標準価格（割引率: 5%）
PC-B1810156,ACD-CV1,ACCORD,DEAL-002,Honda Cars 大阪,3977205,3778345,0.05,standard,1,JPY,2024-01-01,2025-12-31,標準価格（割引率: 5%）
PC-16E70A85,ACD-CV1,ACCORD,DEAL-003,Honda Cars 横浜,3752080,3526955,0.06,standard,1,JPY,2022-01-01,2022-01-31,標準価格（割引率: 6%）
PC-253BD02B,ACD-CV1,ACCORD,DEAL-003,Honda Cars 横浜,3752080,3301831,0.12,promotional,1,JPY,2022-02-01,2022-02-28,キャンペーン期間中の特別価格（通常割引: 6% → 12%）
PC-8AB78948,ACD-CV1,ACCORD,DEAL-003,Honda Cars 横浜,3752080,3526955,0.06,standard,1,JPY,2022-03-01,2023-12-31,標準価格（割引率: 6%）
PC-2A7171B1,ACD-CV1,ACCORD,DEAL-003,Honda Cars 横浜,3977205,3738573,0.06,standard,1,JPY,2024-01-01,2024-03-31,標準価格（割引率: 6%）
PC-BAFE2989,ACD-CV1,ACCORD,DEAL-003,Honda Cars 横浜,3977205,3499940,0.12,promotional,1,JPY,2024-04-01,2024-04-30,キャンペーン期間中の特別価格（通常割引: 6% → 12%）
PC-8E14F04D,ACD-CV1,ACCORD,DEAL-003,Honda Cars 横浜,3977205,3738573,0.06,standard,1,JPY,2024-05-01,2025-12-31,標準価格（割引率: 6%）
PC-82B27C12,ACD-CV1,ACCORD,DEAL-004,Honda Cars 名古屋,3752080,3564476,0.05,standard,1,JPY,2022-01-01,2023-12-31,標準価格（割引率: 5%）
PC-A36FE3A4,ACD-CV1,ACCORD,DEAL-004,Honda Cars 名古屋,3977205,3778345,0.05,standard,1,JPY,2024-01-01,2025-12-31,標準価格（割引率: 5%）
PC-EDD51BA1,ACD-CV1,ACCORD,DEAL-005,Honda Cars 福岡,3752080,3489435,0.07,standard,1,JPY,2022-01-01,2023-12-31,標準価格（割引率: 7%）
PC-F2C89D21,ACD-CV1,ACCORD,DEAL-005,Honda Cars 福岡,3977205,3698801,0.07,standard,1,JPY,2024-01-01,2025-12-31,標準価格（割引率: 7%）
PC-D5C01947,ACD-CV1,ACCORD,DEAL-006,Honda of America,3752080,3376872,0.10,standard,5,JPY,2022-01-01,2023-12-31,標準価格（割引率: 10%）
PC-D6BC16B8,ACD-CV1,ACCORD,DEAL-006,Honda of America,3977205,3579485,0.10,standard,5,JPY,2024-01-01,2024-03-31,標準価格（割引率: 10%）
PC-D2528040,ACD-CV1,ACCORD,DEAL-006,Honda of America,3977205,3181764,0.20,promotional,5,JPY,2024-04-01,2024-04-30,キャンペーン期間中の特別価格（通常割引: 10% → 20%）
PC-FFE80353,ACD-CV1,ACCORD,DEAL-006,Honda of America,3977205,3579485,0.10,standard,5,JPY,2024-05-01,2025-12-31,標準価格（割引率: 10%）
PC-D7B74BA0,ACD-CV1,ACCORD,DEAL-007,Honda Europe,3752080,3301831,0.12,standard,5,JPY,2022-01-01,2022-05-31,標準価格（割引率: 12%）
PC-0F106752,ACD-CV1,ACCORD,DEAL-007,Honda Europe,3752080,2851581,0.24,promotional,5,JPY,2022-06-01,2022-06-30,キャンペーン期間中の特別価格（通常割引: 12% → 24%）
PC-149A5B08,ACD-CV1,ACCORD,DEAL-007,Honda Europe,3752080,3301831,0.12,standard,5,JPY,2022-07-01,2023-12-31,標準価格（割引率: 12%）
PC-44150050,ACD-CV1,ACCORD,DEAL-007,Honda Europe,3977205,3499940,0.12,standard,5,JPY,2024-01-01,2025-12-31,標準価格（割引率: 12%）
PC-C110261F,ACD-CV1,ACCORD,DEAL-008,Honda China,3752080,3339351,0.11,standard,5,JPY,2022-01-01,2023-12-31,標準価格（割引率: 11%）
PC-62ADEBDC,ACD-CV1,ACCORD,DEAL-008,Honda China,3977205,3539713,0.11,standard,5,JPY,2024-01-01,2024-07-31,標準価格（割引率: 11%）
PC-7402EC5D,ACD-CV1,ACCORD,DEAL-008,Honda China,3977205,3102220,0.22,promotional,5,JPY,2024-08-01,2024-08-31,キャンペーン期間中の特別価格（通常割引: 11% → 22%）
PC-77F63B13,ACD-CV1,ACCORD,DEAL-008,Honda China,3977205,3539713,0.11,standard,5,JPY,2024-09-01,2025-12-31,標準価格（割引率: 11%）
PC-0D4D0EB9,HDE-ZC1,Honda e,DEAL-001,Honda Cars 東京中央,4118137,3912230,0.05,standard,1,JPY,2022-01-01,2023-12-31,標準価格（割引率: 5%）
PC-848D3351,HDE-ZC1,Honda e,DEAL-001,Honda Cars 東京中央,4365225,4146964,0.05,standard,1,JPY,2024-01-01,2024-01-01,標準価格（割引率: 5%）
PC-848D3351,HDE-ZC1,Honda e,DEAL-001,Honda Cars 東京中央,4365225,3928703,0.10,promotional,1,JPY,2024-01-01,2024-01-31,キャンペーン期間中の特別価格（通常割引: 5% → 10%）
PC-8EFF3990,HDE-ZC1,Honda e,DEAL-001,Honda Cars 東京中央,4365225,4146964,0.05,standard,1,JPY,2024-02-01,2025-12-31,標準価格（割引率: 5%）
PC-BE1211B0,HDE-ZC1,Honda e,DEAL-002,Honda Cars 大阪,4118137,3912230,0.05,standard,1,JPY,2022-01-01,2022-10-31,標準価格（割引率: 5%）
PC-5964F3F9,HDE-ZC1,Honda e,DEAL-002,Honda Cars 大阪,4118137,3706323,0.10,promotional,1,JPY,2022-11-01,2022-11-30,キャンペーン期間中の特別価格（通常割引: 5% → 10%）
PC-AF4493BA,HDE-ZC1,Honda e,DEAL-002,Honda Cars 大阪,4118137,3912230,0.05,standard,1,JPY,2022-12-01,2023-12-31,標準価格（割引率: 5%）
PC-4141144C,HDE-ZC1,Honda e,DEAL-002,Honda Cars 大阪,4365225,4146964,0.05,standard,1,JPY,2024-01-01,2024-02-29,標準価格（割引率: 5%）
PC-412357CB,HDE-ZC1,Honda e,DEAL-002,Honda Cars 大阪,4365225,3928703,0.10,promotional,1,JPY,2024-03-01,2024-03-31,キャンペーン期間中の特別価格（通常割引: 5% → 10%）
PC-D4DC96FE,HDE-ZC1,Honda e,DEAL-002,Honda Cars 大阪,4365225,4146964,0.05,standard,1,JPY,2024-04-01,2025-12-31,標準価格（割引率: 5%）
PC-C7C625A0,HDE-ZC1,Honda e,DEAL-003,Honda Cars 横浜,4118137,3871049,0.06,standard,1,JPY,2022-01-01,2023-12-31,標準価格（割引率: 6%）
PC-7123501D,HDE-ZC1,Honda e,DEAL-003,Honda Cars 横浜,4365225,4103312,0.06,standard,1,JPY,2024-01-01,2024-08-31,標準価格（割引率: 6%）
PC-188716CB,HDE-ZC1,Honda e,DEAL-003,Honda Cars 横浜,4365225,3841398,0.12,promotional,1,JPY,2024-09-01,2024-09-30,キャンペーン期間中の特別価格（通常割引: 6% → 12%）
PC-C1AAB712,HDE-ZC1,Honda e,DEAL-003,Honda Cars 横浜,4365225,4103312,0.06,standard,1,JPY,2024-10-01,2025-12-31,標準価格（割引率: 6%）
PC-69E5915A,HDE-ZC1,Honda e,DEAL-004,Honda Cars 名古屋,4118137,3912230,0.05,standard,1,JPY,2022-01-01,2022-08-31,標準価格（割引率: 5%）
PC-068F3F4F,HDE-ZC1,Honda e,DEAL-004,Honda Cars 名古屋,4118137,3706323,0.10,promotional,1,JPY,2022-09-01,2022-09-30,キャンペーン期間中の特別価格（通常割引: 5% → 10%）
PC-505452BD,HDE-ZC1,Honda e,DEAL-004,Honda Cars 名古屋,4118137,3912230,0.05,standard,1,JPY,2022-10-01,2023-12-31,標準価格（割引率: 5%）
PC-49991738,HDE-ZC1,Honda e,DEAL-004,Honda Cars 名古屋,4365225,4146964,0.05,standard,1,JPY,2024-01-01,2025-12-31,標準価格（割引率: 5%）
PC-7D846B64,HDE-ZC1,Honda e,DEAL-005,Honda Cars 福岡,4118137,3829867,0.07,standard,1,JPY,2022-01-01,2023-12-31,標準価格（割引率: 7%）
PC-633019AA,HDE-ZC1,Honda e,DEAL-005,Honda Cars 福岡,4365225,4059659,0.07,standard,1,JPY,2024-01-01,2024-11-30,標準価格（割引率: 7%）
PC-3023A703,HDE-ZC1,Honda e,DEAL-005,Honda Cars 福岡,4365225,3754094,0.14,promotional,1,JPY,2024-12-01,2024-12-31,キャンペーン期間中の特別価格（通常割引: 7% → 14%）
PC-E5EE7804,HDE-ZC1,Honda e,DEAL-006,Honda of America,4118137,3706323,0.10,standard,5,JPY,2022-01-01,2022-11-30,標準価格（割引率: 10%）
PC-4ED4ACE7,HDE-ZC1,Honda e,DEAL-006,Honda of America,4118137,3294509,0.20,promotional,5,JPY,2022-12-01,2022-12-31,キャンペーン期間中の特別価格（通常割引: 10% → 20%）
PC-CAEEAC19,HDE-ZC1,Honda e,DEAL-006,Honda of America,4365225,3928703,0.10,standard,5,JPY,2024-01-01,2025-12-31,標準価格（割引率: 10%）
PC-C5FBE5AC,HDE-ZC1,Honda e,DEAL-007,Honda Europe,4118137,3623960,0.12,standard,5,JPY,2022-01-01,2023-12-31,標準価格（割引率: 12%）
PC-06C1AF27,HDE-ZC1,Honda e,DEAL-007,Honda Europe,4365225,3841398,0.12,standard,5,JPY,2024-01-01,2025-12-31,標準価格（割引率: 12%）
PC-057357B8,HDE-ZC1,Honda e,DEAL-008,Honda China,4118137,3665142,0.11,standard,5,JPY,2022-01-01,2022-08-31,標準価格（割引率: 11%）
PC-A87CEA38,HDE-ZC1,Honda e,DEAL-008,Honda China,4118137,3212147,0.22,promotional,5,JPY,2022-09-01,2022-09-30,キャンペーン期間中の特別価格（通常割引: 11% → 22%）
PC-A3E8E6FE,HDE-ZC1,Honda e,DEAL-008,Honda China,4118137,3665142,0.11,standard,5,JPY,2022-10-01,2023-12-31,標準価格（割引率: 11%）
PC-EAC7C018,HDE-ZC1,Honda e,DEAL-008,Honda China,4365225,3885050,0.11,standard,5,JPY,2024-01-01,2024-07-31,標準価格（割引率: 11%）
PC-4E3E050C,HDE-ZC1,Honda e,DEAL-008,Honda China,4365225,3404876,0.22,promotional,5,JPY,2024-08-01,2024-08-31,キャンペーン期間中の特別価格（通常割引: 11% → 22%）
PC-275896A2,HDE-ZC1,Honda e,DEAL-008,Honda China,4365225,3885050,0.11,standard,5,JPY,2024-09-01,2025-12-31,標準価格（割引率: 11%）
PC-2C3A4E7A,NOE-JG4,N-ONE e:,DEAL-001,Honda Cars 東京中央,2928453,2782030,0.05,standard,1,JPY,2022-01-01,2022-01-01,標準価格（割引率: 5%）
PC-2C3A4E7A,NOE-JG4,N-ONE e:,DEAL-001,Honda Cars 東京中央,2928453,2635607,0.10,promotional,1,JPY,2022-01-01,2022-01-31,キャンペーン期間中の特別価格（通常割引: 5% → 10%）
PC-9A66A925,NOE-JG4,N-ONE e:,DEAL-001,Honda Cars 東京中央,2928453,2782030,0.05,standard,1,JPY,2022-02-01,2023-12-31,標準価格（割引率: 5%）
PC-668986F8,NOE-JG4,N-ONE e:,DEAL-001,Honda Cars 東京中央,3104160,2948952,0.05,standard,1,JPY,2024-01-01,2025-12-31,標準価格（割引率: 5%）
PC-4D7228A6,NOE-JG4,N-ONE e:,DEAL-002,Honda Cars 大阪,2928453,2782030,0.05,standard,1,JPY,2022-01-01,2023-12-31,標準価格（割引率: 5%）
PC-F54A5CED,NOE-JG4,N-ONE e:,DEAL-002,Honda Cars 大阪,3104160,2948952,0.05,standard,1,JPY,2024-01-01,2024-11-30,標準価格（割引率: 5%）
PC-139276D3,NOE-JG4,N-ONE e:,DEAL-002,Honda Cars 大阪,3104160,2793744,0.10,promotional,1,JPY,2024-12-01,2024-12-31,キャンペーン期間中の特別価格（通常割引: 5% → 10%）
PC-BFC5252C,NOE-JG4,N-ONE e:,DEAL-003,Honda Cars 横浜,2928453,2752746,0.06,standard,1,JPY,2022-01-01,2022-04-30,標準価格（割引率: 6%）
PC-6BE598CD,NOE-JG4,N-ONE e:,DEAL-003,Honda Cars 横浜,2928453,2577038,0.12,promotional,1,JPY,2022-05-01,2022-05-31,キャンペーン期間中の特別価格（通常割引: 6% → 12%）
PC-3A519A43,NOE-JG4,N-ONE e:,DEAL-003,Honda Cars 横浜,2928453,2752746,0.06,standard,1,JPY,2022-06-01,2023-12-31,標準価格（割引率: 6%）
PC-E6B3F868,NOE-JG4,N-ONE e:,DEAL-003,Honda Cars 横浜,3104160,2917910,0.06,standard,1,JPY,2024-01-01,2024-11-30,標準価格（割引率: 6%）
PC-2FC48F10,NOE-JG4,N-ONE e:,DEAL-003,Honda Cars 横浜,3104160,2731661,0.12,promotional,1,JPY,2024-12-01,2024-12-31,キャンペーン期間中の特別価格（通常割引: 6% → 12%）
PC-D73FE471,NOE-JG4,N-ONE e:,DEAL-004,Honda Cars 名古屋,2928453,2782030,0.05,standard,1,JPY,2022-01-01,2022-07-31,標準価格（割引率: 5%）
PC-31D4772E,NOE-JG4,N-ONE e:,DEAL-004,Honda Cars 名古屋,2928453,2635607,0.10,promotional,1,JPY,2022-08-01,2022-08-31,キャンペーン期間中の特別価格（通常割引: 5% → 10%）
PC-1DB2664B,NOE-JG4,N-ONE e:,DEAL-004,Honda Cars 名古屋,2928453,2782030,0.05,standard,1,JPY,2022-09-01,2023-12-31,標準価格（割引率: 5%）
PC-71C3C0B7,NOE-JG4,N-ONE e:,DEAL-004,Honda Cars 名古屋,3104160,2948952,0.05,standard,1,JPY,2024-01-01,2025-12-31,標準価格（割引率: 5%）
PC-34B1EBD0,NOE-JG4,N-ONE e:,DEAL-005,Honda Cars 福岡,2928453,2723461,0.07,standard,1,JPY,2022-01-01,2022-04-30,標準価格（割引率: 7%）
PC-F78C8DCA,NOE-JG4,N-ONE e:,DEAL-005,Honda Cars 福岡,2928453,2518469,0.14,promotional,1,JPY,2022-05-01,2022-05-31,キャンペーン期間中の特別価格（通常割引: 7% → 14%）
PC-140C60AB,NOE-JG4,N-ONE e:,DEAL-005,Honda Cars 福岡,2928453,2723461,0.07,standard,1,JPY,2022-06-01,2023-12-31,標準価格（割引率: 7%）
PC-F24139B1,NOE-JG4,N-ONE e:,DEAL-005,Honda Cars 福岡,3104160,2886869,0.07,standard,1,JPY,2024-01-01,2024-06-30,標準価格（割引率: 7%）
PC-DCEBB0CF,NOE-JG4,N-ONE e:,DEAL-005,Honda Cars 福岡,3104160,2669578,0.14,promotional,1,JPY,2024-07-01,2024-07-31,キャンペーン期間中の特別価格（通常割引: 7% → 14%）
PC-9487B76B,NOE-JG4,N-ONE e:,DEAL-005,Honda Cars 福岡,3104160,2886869,0.07,standard,1,JPY,2024-08-01,2025-12-31,標準価格（割引率: 7%）
PC-ED4B8939,NOE-JG4,N-ONE e:,DEAL-006,Honda of America,2928453,2635607,0.10,standard,5,JPY,2022-01-01,2023-12-31,標準価格（割引率: 10%）
PC-E2D50E3A,NOE-JG4,N-ONE e:,DEAL-006,Honda of America,3104160,2793744,0.10,standard,5,JPY,2024-01-01,2025-12-31,標準価格（割引率: 10%）
PC-6CD6B451,NOE-JG4,N-ONE e:,DEAL-007,Honda Europe,2928453,2577038,0.12,standard,5,JPY,2022-01-01,2023-12-31,標準価格（割引率: 12%）
PC-0292A51E,NOE-JG4,N-ONE e:,DEAL-007,Honda Europe,3104160,2731661,0.12,standard,5,JPY,2024-01-01,2024-03-31,標準価格（割引率: 12%）
PC-9BF48B96,NOE-JG4,N-ONE e:,DEAL-007,Honda Europe,3104160,2359161,0.24,promotional,5,JPY,2024-04-01,2024-04-30,キャンペーン期間中の特別価格（通常割引: 12% → 24%）
PC-3F86B40A,NOE-JG4,N-ONE e:,DEAL-007,Honda Europe,3104160,2731661,0.12,standard,5,JPY,2024-05-01,2025-12-31,標準価格（割引率: 12%）
PC-6DC6588B,NOE-JG4,N-ONE e:,DEAL-008,Honda China,2928453,2606323,0.11,standard,5,JPY,2022-01-01,2022-08-31,標準価格（割引率: 11%）
PC-4E2184FE,NOE-JG4,N-ONE e:,DEAL-008,Honda China,2928453,2284193,0.22,promotional,5,JPY,2022-09-01,2022-09-30,キャンペーン期間中の特別価格（通常割引: 11% → 22%）
PC-943311E9,NOE-JG4,N-ONE e:,DEAL-008,Honda China,2928453,2606323,0.11,standard,5,JPY,2022-10-01,2023-12-31,標準価格（割引率: 11%）
PC-5DBCC2DA,NOE-JG4,N-ONE e:,DEAL-008,Honda China,3104160,2762702,0.11,standard,5,JPY,2024-01-01,2025-12-31,標準価格（割引率: 11%）
PC-D8B2B293,ENP-ENP1,e:NP1,DEAL-001,Honda Cars 東京中央,5033279,4781615,0.05,standard,1,JPY,2022-01-01,2023-12-31,標準価格（割引率: 5%）
PC-5C34D48C,ENP-ENP1,e:NP1,DEAL-001,Honda Cars 東京中央,5335275,5068512,0.05,standard,1,JPY,2024-01-01,2025-12-31,標準価格（割引率: 5%）
PC-191555C4,ENP-ENP1,e:NP1,DEAL-002,Honda Cars 大阪,5033279,4781615,0.05,standard,1,JPY,2022-01-01,2022-09-30,標準価格（割引率: 5%）
PC-BE2F1EBA,ENP-ENP1,e:NP1,DEAL-002,Honda Cars 大阪,5033279,4529951,0.10,promotional,1,JPY,2022-10-01,2022-10-31,キャンペーン期間中の特別価格（通常割引: 5% → 10%）
PC-4DC924B8,ENP-ENP1,e:NP1,DEAL-002,Honda Cars 大阪,5033279,4781615,0.05,standard,1,JPY,2022-11-01,2023-12-31,標準価格（割引率: 5%）
PC-F63B95D1,ENP-ENP1,e:NP1,DEAL-002,Honda Cars 大阪,5335275,5068512,0.05,standard,1,JPY,2024-01-01,2025-12-31,標準価格（割引率: 5%）
PC-4738769B,ENP-ENP1,e:NP1,DEAL-003,Honda Cars 横浜,5033279,4731282,0.06,standard,1,JPY,2022-01-01,2023-12-31,標準価格（割引率: 6%）
PC-E0DAC0CE,ENP-ENP1,e:NP1,DEAL-003,Honda Cars 横浜,5335275,5015159,0.06,standard,1,JPY,2024-01-01,2025-12-31,標準価格（割引率: 6%）
PC-3188A751,ENP-ENP1,e:NP1,DEAL-004,Honda Cars 名古屋,5033279,4781615,0.05,standard,1,JPY,2022-01-01,2022-11-30,標準価格（割引率: 5%）
PC-142266A8,ENP-ENP1,e:NP1,DEAL-004,Honda Cars 名古屋,5033279,4529951,0.10,promotional,1,JPY,2022-12-01,2022-12-31,キャンペーン期間中の特別価格（通常割引: 5% → 10%）
PC-6B104CAC,ENP-ENP1,e:NP1,DEAL-004,Honda Cars 名古屋,5335275,5068512,0.05,standard,1,JPY,2024-01-01,2024-05-31,標準価格（割引率: 5%）
PC-CCCE5BC2,ENP-ENP1,e:NP1,DEAL-004,Honda Cars 名古屋,5335275,4801748,0.10,promotional,1,JPY,2024-06-01,2024-06-30,キャンペーン期間中の特別価格（通常割引: 5% → 10%）
PC-D7289A4C,ENP-ENP1,e:NP1,DEAL-004,Honda Cars 名古屋,5335275,5068512,0.05,standard,1,JPY,2024-07-01,2025-12-31,標準価格（割引率: 5%）
PC-26EBD568,ENP-ENP1,e:NP1,DEAL-005,Honda Cars 福岡,5033279,4680949,0.07,standard,1,JPY,2022-01-01,2022-11-30,標準価格（割引率: 7%）
PC-2F40EE3F,ENP-ENP1,e:NP1,DEAL-005,Honda Cars 福岡,5033279,4328620,0.14,promotional,1,JPY,2022-12-01,2022-12-31,キャンペーン期間中の特別価格（通常割引: 7% → 14%）
PC-D2C9A5FF,ENP-ENP1,e:NP1,DEAL-005,Honda Cars 福岡,5335275,4961806,0.07,standard,1,JPY,2024-01-01,2024-01-31,標準価格（割引率: 7%）
PC-F312C7BF,ENP-ENP1,e:NP1,DEAL-005,Honda Cars 福岡,5335275,4588337,0.14,promotional,1,JPY,2024-02-01,2024-02-29,キャンペーン期間中の特別価格（通常割引: 7% → 14%）
PC-43404DDE,ENP-ENP1,e:NP1,DEAL-005,Honda Cars 福岡,5335275,4961806,0.07,standard,1,JPY,2024-03-01,2025-12-31,標準価格（割引率: 7%）
PC-7BE84E1F,ENP-ENP1,e:NP1,DEAL-006,Honda of America,5033279,4529951,0.10,standard,5,JPY,2022-01-01,2022-09-30,標準価格（割引率: 10%）
PC-F2E0444D,ENP-ENP1,e:NP1,DEAL-006,Honda of America,5033279,4026623,0.20,promotional,5,JPY,2022-10-01,2022-10-31,キャンペーン期間中の特別価格（通常割引: 10% → 20%）
PC-BE1DA90E,ENP-ENP1,e:NP1,DEAL-006,Honda of America,5033279,4529951,0.10,standard,5,JPY,2022-11-01,2023-12-31,標準価格（割引率: 10%）
PC-0BA3B6FB,ENP-ENP1,e:NP1,DEAL-006,Honda of America,5335275,4801748,0.10,standard,5,JPY,2024-01-01,2025-12-31,標準価格（割引率: 10%）
PC-5BDA2E25,ENP-ENP1,e:NP1,DEAL-007,Honda Europe,5033279,4429285,0.12,standard,5,JPY,2022-01-01,2022-11-30,標準価格（割引率: 12%）
PC-2410EE47,ENP-ENP1,e:NP1,DEAL-007,Honda Europe,5033279,3825292,0.24,promotional,5,JPY,2022-12-01,2022-12-31,キャンペーン期間中の特別価格（通常割引: 12% → 24%）
PC-D08DC835,ENP-ENP1,e:NP1,DEAL-007,Honda Europe,5335275,4695042,0.12,standard,5,JPY,2024-01-01,2024-01-31,標準価格（割引率: 12%）
PC-F7F86076,ENP-ENP1,e:NP1,DEAL-007,Honda Europe,5335275,4054809,0.24,promotional,5,JPY,2024-02-01,2024-02-29,キャンペーン期間中の特別価格（通常割引: 12% → 24%）
PC-5AB597DE,ENP-ENP1,e:NP1,DEAL-007,Honda Europe,5335275,4695042,0.12,standard,5,JPY,2024-03-01,2025-12-31,標準価格（割引率: 12%）
PC-7748A4FA,ENP-ENP1,e:NP1,DEAL-008,Honda China,5033279,4479618,0.11,standard,5,JPY,2022-01-01,2022-05-31,標準価格（割引率: 11%）
PC-AB26A122,ENP-ENP1,e:NP1,DEAL-008,Honda China,5033279,3925957,0.22,promotional,5,JPY,2022-06-01,2022-06-30,キャンペーン期間中の特別価格（通常割引: 11% → 22%）
PC-7260832E,ENP-ENP1,e:NP1,DEAL-008,Honda China,5033279,4479618,0.11,standard,5,JPY,2022-07-01,2023-12-31,標準価格（割引率: 11%）
PC-4223B0EF,ENP-ENP1,e:NP1,DEAL-008,Honda China,5335275,4748395,0.11,standard,5,JPY,2024-01-01,2024-10-31,標準価格（割引率: 11%）
PC-1709C520,ENP-ENP1,e:NP1,DEAL-008,Honda China,5335275,4161515,0.22,promotional,5,JPY,2024-11-01,2024-11-30,キャンペーン期間中の特別価格（通常割引: 11% → 22%）
PC-3C0F047D,ENP-ENP1,e:NP1,DEAL-008,Honda China,5335275,4748395,0.11,standard,5,JPY,2024-12-01,2025-12-31,標準価格（割引率: 11%）
PC-BCAE2CE5,PRO-ZC5,Prologue,DEAL-001,Honda Cars 東京中央,5948420,5650999,0.05,standard,1,JPY,2022-01-01,2023-12-31,標準価格（割引率: 5%）
PC-0D6FAEBA,PRO-ZC5,Prologue,DEAL-001,Honda Cars 東京中央,6305326,5990059,0.05,standard,1,JPY,2024-01-01,2024-01-31,標準価格（割引率: 5%）
PC-53B7BAE6,PRO-ZC5,Prologue,DEAL-001,Honda Cars 東京中央,6305326,5674793,0.10,promotional,1,JPY,2024-02-01,2024-02-29,キャンペーン期間中の特別価格（通常割引: 5% → 10%）
PC-906555C5,PRO-ZC5,Prologue,DEAL-001,Honda Cars 東京中央,6305326,5990059,0.05,standard,1,JPY,2024-03-01,2025-12-31,標準価格（割引率: 5%）
PC-A78E1B40,PRO-ZC5,Prologue,DEAL-002,Honda Cars 大阪,5948420,5650999,0.05,standard,1,JPY,2022-01-01,2023-12-31,標準価格（割引率: 5%）
PC-9912CA62,PRO-ZC5,Prologue,DEAL-002,Honda Cars 大阪,6305326,5990059,0.05,standard,1,JPY,2024-01-01,2025-12-31,標準価格（割引率: 5%）
PC-6B9D5B62,PRO-ZC5,Prologue,DEAL-003,Honda Cars 横浜,5948420,5591515,0.06,standard,1,JPY,2022-01-01,2023-12-31,標準価格（割引率: 6%）
PC-A9EFB161,PRO-ZC5,Prologue,DEAL-003,Honda Cars 横浜,6305326,5927006,0.06,standard,1,JPY,2024-01-01,2025-12-31,標準価格（割引率: 6%）
PC-2B499196,PRO-ZC5,Prologue,DEAL-004,Honda Cars 名古屋,5948420,5650999,0.05,standard,1,JPY,2022-01-01,2022-01-31,標準価格（割引率: 5%）
PC-24A195E1,PRO-ZC5,Prologue,DEAL-004,Honda Cars 名古屋,5948420,5353578,0.10,promotional,1,JPY,2022-02-01,2022-02-28,キャンペーン期間中の特別価格（通常割引: 5% → 10%）
PC-0076F614,PRO-ZC5,Prologue,DEAL-004,Honda Cars 名古屋,5948420,5650999,0.05,standard,1,JPY,2022-03-01,2023-12-31,標準価格（割引率: 5%）
PC-21D542F0,PRO-ZC5,Prologue,DEAL-004,Honda Cars 名古屋,6305326,5990059,0.05,standard,1,JPY,2024-01-01,2025-12-31,標準価格（割引率: 5%）
PC-ACA5D147,PRO-ZC5,Prologue,DEAL-005,Honda Cars 福岡,5948420,5532031,0.07,standard,1,JPY,2022-01-01,2022-06-30,標準価格（割引率: 7%）
PC-5CCE7162,PRO-ZC5,Prologue,DEAL-005,Honda Cars 福岡,5948420,5115641,0.14,promotional,1,JPY,2022-07-01,2022-07-31,キャンペーン期間中の特別価格（通常割引: 7% → 14%）
PC-C029C490,PRO-ZC5,Prologue,DEAL-005,Honda Cars 福岡,5948420,5532031,0.07,standard,1,JPY,2022-08-01,2023-12-31,標準価格（割引率: 7%）
PC-829F212B,PRO-ZC5,Prologue,DEAL-005,Honda Cars 福岡,6305326,5863953,0.07,standard,1,JPY,2024-01-01,2024-02-29,標準価格（割引率: 7%）
PC-BB947F77,PRO-ZC5,Prologue,DEAL-005,Honda Cars 福岡,6305326,5422580,0.14,promotional,1,JPY,2024-03-01,2024-03-31,キャンペーン期間中の特別価格（通常割引: 7% → 14%）
PC-50D7FC6E,PRO-ZC5,Prologue,DEAL-005,Honda Cars 福岡,6305326,5863953,0.07,standard,1,JPY,2024-04-01,2025-12-31,標準価格（割引率: 7%）
PC-2FC91718,PRO-ZC5,Prologue,DEAL-006,Honda of America,5948420,5353578,0.10,standard,5,JPY,2022-01-01,2022-01-01,標準価格（割引率: 10%）
PC-2FC91718,PRO-ZC5,Prologue,DEAL-006,Honda of America,5948420,4758736,0.20,promotional,5,JPY,2022-01-01,2022-01-31,キャンペーン期間中の特別価格（通常割引: 10% → 20%）
PC-41E83B55,PRO-ZC5,Prologue,DEAL-006,Honda of America,5948420,5353578,0.10,standard,5,JPY,2022-02-01,2023-12-31,標準価格（割引率: 10%）
PC-F17D46DB,PRO-ZC5,Prologue,DEAL-006,Honda of America,6305326,5674793,0.10,standard,5,JPY,2024-01-01,2024-10-31,標準価格（割引率: 10%）
PC-6962F0B6,PRO-ZC5,Prologue,DEAL-006,Honda of America,6305326,5044260,0.20,promotional,5,JPY,2024-11-01,2024-11-30,キャンペーン期間中の特別価格（通常割引: 10% → 20%）
PC-4E9078FA,PRO-ZC5,Prologue,DEAL-006,Honda of America,6305326,5674793,0.10,standard,5,JPY,2024-12-01,2025-12-31,標準価格（割引率: 10%）
PC-96FDD74B,PRO-ZC5,Prologue,DEAL-007,Honda Europe,5948420,5234610,0.12,standard,5,JPY,2022-01-01,2022-03-31,標準価格（割引率: 12%）
PC-F7DC3FBF,PRO-ZC5,Prologue,DEAL-007,Honda Europe,5948420,4520799,0.24,promotional,5,JPY,2022-04-01,2022-04-30,キャンペーン期間中の特別価格（通常割引: 12% → 24%）
PC-B7282F5E,PRO-ZC5,Prologue,DEAL-007,Honda Europe,5948420,5234610,0.12,standard,5,JPY,2022-05-01,2023-12-31,標準価格（割引率: 12%）
PC-2D54B72B,PRO-ZC5,Prologue,DEAL-007,Honda Europe,6305326,5548686,0.12,standard,5,JPY,2024-01-01,2024-05-31,標準価格（割引率: 12%）
PC-5FBE797C,PRO-ZC5,Prologue,DEAL-007,Honda Europe,6305326,4792047,0.24,promotional,5,JPY,2024-06-01,2024-06-30,キャンペーン期間中の特別価格（通常割引: 12% → 24%）
PC-7BD46641,PRO-ZC5,Prologue,DEAL-007,Honda Europe,6305326,5548686,0.12,standard,5,JPY,2024-07-01,2025-12-31,標準価格（割引率: 12%）
PC-590E9F2F,PRO-ZC5,Prologue,DEAL-008,Honda China,5948420,5294094,0.11,standard,5,JPY,2022-01-01,2022-03-31,標準価格（割引率: 11%）
PC-562B8F43,PRO-ZC5,Prologue,DEAL-008,Honda China,5948420,4639768,0.22,promotional,5,JPY,2022-04-01,2022-04-30,キャンペーン期間中の特別価格（通常割引: 11% → 22%）
PC-8AB682B4,PRO-ZC5,Prologue,DEAL-008,Honda China,5948420,5294094,0.11,standard,5,JPY,2022-05-01,2023-12-31,標準価格（割引率: 11%）
PC-5E47F722,PRO-ZC5,Prologue,DEAL-008,Honda China,6305326,5611740,0.11,standard,5,JPY,2024-01-01,2025-12-31,標準価格（割引率: 11%）




